Group,class,class2,augmen2,Latitude,Longitude,DENSITY,LnDENSITY,npp,biodiv,pathos,npp22,biodiv2,DivDiff
Punan,1,0,2,3,114,0.118,-0.928117993,2496.264766,0.539329876,0.07969767,6231337.782,2908.77,0.259329876
Kubu,1,0,1,-3.04,102.69,0.092,-1.036212173,2557.670284,0.526788791,0.15720433,6541677.282,2775.06,0.246788791
Shompen,1,0,2,7,93.77,0.39537,-0.402996287,2349.867903,0.286394554,-0.147388149,5521879.162,820.22,0.006394554
Onge,1,0,2,10.7,92.47,0.401,-0.396855627,2534.466729,0.33651645,-0.035217869,6423521.6,1132.43,0.05651645
Ayta-Pinatubo,1,0,3,15.5,120.33,0.9189,-0.036731748,2438.989741,0.419451662,0.134998356,5948670.957,1759.4,0.139451662
North Island,1,0,2,13.32,92.89,0.3338,-0.476513668,2485.370323,0.317335444,0.046836649,6177065.642,1007.02,0.037335444
Semang,1,0,1,5.86,101,0.1757,-0.755228239,2360.571015,0.620982289,0.140902696,5572295.517,3856.19,0.340982289
Veddah,1,0,1,8.58,81.25,0.185,-0.732828272,1986.943206,0.360537613,0.328694935,3947943.304,1299.87,0.080537613
Hill-Pandaran,1,0,1,9.25,77.25,0.7037,-0.152612449,2148.704278,0.40194199,0.495938577,4616930.074,1615.57,0.12194199
Agta (Casiguran),1,0,1,17.33,122.13,0.87,-0.060480747,2428.053625,0.441623284,0.148363894,5895444.406,1950.31,0.161623284
Agta (Isbela),1,0,1,17.48,122.05,0.42,-0.37675071,2394.270329,0.44448337,0.154116797,5732530.408,1975.65,0.16448337
Agta (North Luzon),1,0,1,17.82,121.8,0.3794,-0.420902673,2122.883724,0.417116117,0.171526415,4506635.306,1739.86,0.137116117
Chenchu,1,0,1,16.25,78.97,1.233,0.090963077,1118.968515,0.27878674,0.59896524,1252090.538,777.22,0.00121326
Mrabri,1,0,2,18.41,100.47,0.2316,-0.635261445,1637.779228,0.50228826,0.382643846,2682320.8,2522.93,0.22228826
Paliyans,1,0,1,9.75,77.5,0.0963,-1.016373713,1462.797373,0.349403926,0.505010223,2139776.154,1220.83,0.069403926
Birhor,1,0,2,23.41,84.38,0.22,-0.657577319,1726.1392,0.328569975,0.649579697,2979556.538,1079.58,0.048569975
Kadar,1,0,1,10.25,77.17,0.5,-0.301029996,2058.924314,0.381393201,0.533578313,4239169.331,1454.61,0.101393201
Cholanaickan,1,0,1,10.18,76.4,0.705,-0.151810883,2624.898221,0.418381445,0.552137107,6890090.671,1750.43,0.138381445
Nayaka,1,0,1,11.9,77.21,0.7,-0.15490196,1173.129692,0.335682805,0.582636471,1376233.274,1126.83,0.055682805
Ainu (Hokkaido),1,0,1,44.01,144.17,0.348,-0.458420756,1070.524148,0.320176303,-0.361337762,1146021.951,1025.13,0.040176303
Yukaghir,1,0,1,70,145,0.0061,-2.214670165,148.1919617,0.073694789,-0.715392752,21960.85751,54.31,0.206305211
Nganasan,1,0,1,73.83,90,0.0046,-2.337242168,151.5808916,0.043012354,-0.709283124,22976.7667,18.5,0.236987646
Shiriana,1,0,1,3.86,-66.17,0.156,-0.806875402,2571.112751,0.755792645,0.082827996,6610620.778,5712.23,0.475792645
Akuriyo,1,0,2,3.01,-55,0.0704,-1.152427341,2374.845032,0.616180233,0.076625464,5639888.926,3796.78,0.336180233
Yaruro-pume,1,0,1,6.85,-68.77,0.1995,-0.7000571,2288.425893,0.450306893,0.130231435,5236893.068,2027.76,0.170306893
Guahibo,1,0,1,5.38,-68.31,0.1763,-0.753747688,2438.228284,0.546434455,0.118390611,5944957.165,2985.91,0.266434455
Nukak,1,0,1,2.56,-71.81,0.0934,-1.029653124,2466.228648,0.55644064,0.166080455,6082283.744,3096.26,0.27644064
Bororo,1,0,2,-16.52,-55,0.5136,-0.289374985,1895.610947,0.474696519,-0.065456187,3593340.862,2253.37,0.194696519
Guato,1,0,1,-18,-57.5,0.0674,-1.171340103,1625.969641,0.469123074,-0.060798045,2643777.273,2200.76,0.189123074
Siriono,1,0,1,-15,-63.58,0.06,-1.22184875,1878.615269,0.514700728,-0.004761382,3529195.329,2649.17,0.234700728
Yuqui,1,0,1,-16.46,-64.97,0.0166,-1.779891912,2534.916886,0.57053983,-0.021532149,6425803.619,3255.16,0.29053983
Nambikwara,1,0,2,-12.73,-59.55,0.0778,-1.109020403,2202.865384,0.507877485,-0.128988948,4852615.9,2579.4,0.227877485
Guayaki (Ache),1,0,1,-25.7,-55.38,0.0348,-1.458420756,1968.617342,0.483622244,0.025648245,3875454.239,2338.9,0.203622244
Botocudo,1,0,2,-18.71,-41.86,0.098,-1.008773924,1582.412776,0.574140239,0.367435715,2504030.194,3296.37,0.294140239
Heta,1,0,3,-23.52,-53.68,0.096,-1.017728767,1826.042771,0.496159122,0.043436338,3334432.202,2461.74,0.216159122
Aweikomo,1,0,2,-28,-50,0.041,-1.387216143,1829.206113,0.539620722,0.166153044,3345995.004,2911.91,0.259620722
Chono,1,0,1,-45,-73.83,0.1364,-0.86518563,1265.391631,0.146947931,-0.709833879,1601215.98,215.94,0.133052069
Alacaluf,1,0,1,-49.55,-74.52,0.1498,-0.824488187,1029.91528,0.117635051,-0.752648878,1060725.484,138.38,0.162364949
Ona,1,0,1,-53.9,-68.62,0.0921,-1.03574037,740.6338967,0.111853705,-0.801134998,548538.5689,125.11,0.168146295
Aka,1,0,3,2,17,0.0906,-1.042871802,2043.807199,0.422990906,0.699335647,4177147.867,1789.21,0.142990906
Bayaka,1,0,3,3.58,17.76,0.1747,-0.757707095,2027.801922,0.44635461,0.710111177,4111980.635,1992.32,0.16635461
Bambote,1,0,2,-6.64,28.26,0.25,-0.602059991,1515.953782,0.376337676,0.546595404,2298115.869,1416.3,0.096337676
Baka,1,0,3,2.39,15.31,0.1363,-0.865504144,1963.12406,0.444218922,0.732233443,3853856.075,1973.3,0.164218922
Efe,1,0,3,2.7,27.64,0.1596,-0.796967113,2276.034624,0.508093102,0.750305364,5180333.61,2581.59,0.228093102
Mbuti,1,0,2,1.54,28.61,0.44,-0.356547324,2084.198565,0.559453055,0.767421373,4343883.658,3129.88,0.279453055
Mikea,1,0,,-22.32,43.81,0.0436,-1.360513511,1060.627846,0.170882917,0.442960866,1124931.428,292.01,0.109117083
Hukwe,1,0,,-16.93,24.32,0.029,-1.537602002,1163.399536,0.386145416,0.164695055,1353498.48,1491.08,0.106145416
Hai//Om,1,0,2,-18.65,16.12,0.0384,-1.415668776,743.6323435,0.299926711,0.012740624,552989.0623,899.56,0.019926711
Hadza,1,0,1,-3.82,35.32,0.24,-0.619788758,1156.067925,0.491299267,0.652735042,1336493.047,2413.75,0.211299267
Dorobo (Okiek),1,0,1,0,36,0.4081,-0.389233405,1442.247171,0.60479949,0.714311289,2080076.902,3657.82,0.32479949
Sekele,1,0,2,-16.42,19.53,0.0152,-1.818156412,1149.935897,0.293600433,0.120777488,1322352.567,862.01,0.013600433
!Kung,1,0,2,-20,21.18,0.066,-1.180456064,742.1336178,0.270551481,-0.073538515,550762.3067,731.98,0.009448519
Nharo,1,0,2,-21.64,21.61,0.125,-0.903089987,748.1225541,0.221494353,-0.098115422,559687.356,490.6,0.058505647
G/Wi,1,0,1,-22.46,23.39,0.0293,-1.53313238,647.2419256,0.210085397,-0.062655894,418922.1103,441.36,0.069914603
Kua,1,0,1,-22.88,24.41,0.0636,-1.196542884,648.8036384,0.215169792,-0.043856119,420946.1612,462.98,0.064830208
!Ko,1,0,1,-23.86,22.2,0.0103,-1.987162775,607.8601773,0.19305607,-0.113010906,369493.9951,372.71,0.08694393
/Auni-khomani,1,0,2,-27.37,19.82,0.0064,-2.193820026,268.1247213,0.169485356,-0.163171319,71890.86617,287.25,0.110514644
//Xegwi,1,0,2,-26.28,30.23,0.0357,-1.447331784,1258.413832,0.343798944,0.052170108,1583605.373,1181.98,0.063798944
/Xam,1,0,1,-31.47,19.77,0.0243,-1.614393726,455.4844235,0.243734853,-0.154677328,207466.0601,594.07,0.036265147
Kaurareg,1,0,1,-10.77,142.12,0.35,-0.455931956,2005.60395,0.264333152,-0.325885681,4022447.204,698.72,0.015666848
Larikia,1,0,2,-12.6,130.78,0.4,-0.397940009,1962.435346,0.277608875,-0.208273856,3851152.487,770.67,0.002391125
Gunwinggu,1,0,2,-12.43,134.12,0.1784,-0.74860515,1683.137137,0.238634524,-0.28757093,2832950.622,569.46,0.041365476
Mirrngadja,1,0,1,-12.31,135.2,0.385,-0.41453927,1694.455378,0.237749458,-0.306925881,2871179.028,565.25,0.042250542
Anbara,1,0,1,-12.2,134.73,0.437,-0.359518563,1628.703985,0.237803756,-0.298628267,2652676.671,565.51,0.042196244
Gidjingali,1,0,1,-12.18,134.4,0.727,-0.138465589,1660.20544,0.239419368,-0.292653162,2756282.103,573.22,0.040580632
Murngin (Yolngu),1,0,1,-12.93,135.84,0.1176,-0.929592678,1676.12335,0.226481179,-0.320366348,2809389.484,512.94,0.053518821
Jeidji (Forest-river),1,0,2,-15.55,128.19,0.17,-0.769551079,1159.737382,0.241911017,-0.176965038,1344990.795,585.21,0.038088983
Wikmunkan,1,0,2,-13.47,142,0.0841,-1.075204004,1944.367315,0.232974564,-0.335468222,3780564.256,542.77,0.047025436
Kakadu,1,0,2,-13.13,132.95,0.088,-1.055517328,1821.356397,0.238341968,-0.269265433,3317339.125,568.07,0.041658032
Nunggubuyu,1,0,1,-13.76,135.98,0.23,-0.638272164,1578.642659,0.221959173,-0.326093642,2492112.645,492.66,0.058040827
Yintjingga,1,0,1,-14.01,143.5,0.31,-0.508638306,1788.828239,0.275671058,-0.327370432,3199906.469,759.95,0.004328942
Yir-yoront,1,0,2,-15,142.17,0.08,-1.096910013,1648.590275,0.201889196,-0.344978064,2717849.895,407.59,0.078110804
Tiwi,1,0,2,-11.59,130.87,0.375,-0.425968732,2016.112494,0.218872599,-0.203900271,4064709.588,479.05,0.061127401
Kuku-yalanji,1,0,2,-15.92,145.32,0.5,-0.301029996,2108.202073,0.355976696,-0.325896718,4444515.981,1267.19,0.075976696
Groote-eylandt,1,0,1,-14,136.62,0.229,-0.640164518,1698.782599,0.163679238,-0.335663312,2885862.319,267.91,0.116320762
Walmbaria,1,0,1,-14.34,144.22,0.58,-0.236572006,1680.511332,0.269418403,-0.323569435,2824118.337,725.86,0.010581597
Worora,1,0,1,-15.32,124.72,0.11,-0.958607315,1733.729091,0.236772934,-0.059990702,3005816.561,560.61,0.043227066
Lungga,1,0,2,-16.91,127.83,0.045,-1.346787486,1160.958911,0.202524642,-0.189379646,1347825.593,410.16,0.077475358
Mamu,1,0,1,-17.64,145.84,0.45,-0.346787486,2438.989741,0.321599329,-0.333424076,5948670.957,1034.26,0.041599329
Kariera,1,0,1,-20.88,118.27,0.095,-1.022276395,553.2410073,0.177803693,-0.038544004,306075.6122,316.14,0.102196307
Warunggu,1,0,2,-18.41,145.61,0.1628,-0.788345599,1596.461864,0.308103486,-0.344202613,2548690.483,949.28,0.028103486
Djaru,1,0,2,-19.16,130,0.0398,-1.400116928,779.3048252,0.153283751,-0.2989028,607316.0106,234.96,0.126716249
Walbiri,1,0,1,-20,130.57,0.0116,-1.935542011,725.5817881,0.143592409,-0.332632607,526468.9312,206.19,0.136407591
Ngatjan,1,0,2,-17.36,145.56,0.598,-0.223298816,2256.548473,0.321868924,-0.33537439,5092011.011,1036,0.041868924
Mardudjara,1,0,2,-22.79,125.06,0.0075,-2.124938737,397.3860935,0.114560559,-0.236962991,157915.7073,131.24,0.165439441
Ildawongga,1,0,2,-22.93,127.18,0.0045,-2.346787486,423.1794638,0.112654358,-0.298812644,179080.8586,126.91,0.167345642
Pintubi,1,0,2,-22.86,129.44,0.015,-1.823908741,505.6696692,0.126801476,-0.359354538,255701.8143,160.79,0.153198524
Jinibarra,1,0,1,-27.25,152.87,0.16,-0.795880017,1721.054016,0.349989702,-0.359082179,2962026.926,1224.93,0.069989702
Karuwali,1,0,2,-24.41,141.64,0.02,-1.698970004,463.9182074,0.152476039,-0.435617897,215220.1032,232.49,0.127523961
Alyawara,1,0,2,-22.27,135.17,0.0121,-1.91721463,540.2092418,0.146856557,-0.450357673,291826.0249,215.67,0.133143443
Ngatatjara,1,0,2,-25.32,127.27,0.004,-2.397940009,381.786307,0.122113986,-0.332385302,145760.7842,149.12,0.157886014
Badjalang,1,0,2,-29.59,152.78,0.134,-0.872895202,1603.897691,0.329958521,-0.393243533,2572487.803,1088.73,0.049958521
Pitjandjara,1,0,2,-26,130,0.006,-2.22184875,575.8806867,0.14513141,-0.411276638,331638.5653,210.63,0.13486859
Dieri,1,0,2,-28.54,139.09,0.0193,-1.714442691,298.7887361,0.138276998,-0.469308097,89274.70882,191.21,0.141723002
Arenda (southern),1,0,2,-26.09,135.52,0.011,-1.958607315,259.0398227,0.138146277,-0.483671048,67101.62974,190.84,0.141853723
Jankundjara,1,0,2,-27,131.95,0.01,-2,423.1794638,0.131715912,-0.449828808,179080.8586,173.49,0.148284088
Arenda (northern),1,0,2,-23.7,133.76,0.0266,-1.575118363,523.8218854,0.176107161,-0.481642389,274389.3676,310.14,0.103892839
Ualaria,1,0,2,-29.3,147.25,0.09,-1.045757491,752.6038292,0.1911424,-0.425031711,566412.5237,365.35,0.0888576
Nakako,1,0,2,-27.31,128.19,0.0087,-2.060480747,376.5656273,0.11457835,-0.373541767,141801.6717,131.28,0.16542165
Ooldea,1,0,2,-30.38,131.81,0.0047,-2.327902142,345.0222117,0.109734427,-0.436115141,119040.3266,120.42,0.170265573
Barkindji,1,0,2,-32.4,142.25,0.1543,-0.811634074,462.2336899,0.179047127,-0.464970437,213659.9841,320.58,0.100952873
Karuna,1,0,1,-34.56,138.4,0.18,-0.744727495,689.046318,0.245220456,-0.46674063,474784.8283,601.33,0.034779544
Wongaibon,1,0,2,-32.14,146.09,0.0512,-1.290730039,737.6314654,0.197489977,-0.451789249,544100.1787,390.02,0.082510023
Jaralde,1,0,1,-35.06,139.29,0.4,-0.397940009,620.5335338,0.230888451,-0.468474245,385061.8666,533.09,0.049111549
Mineng,1,0,3,-34.95,117.81,0.07,-1.15490196,1275.673932,0.224500472,-0.252335812,1627343.981,504,0.055499528
Tjapwurong,1,0,1,-35.86,141.38,0.35,-0.455931956,689.046318,0.217837799,-0.472462507,474784.8283,474.53,0.062162201
Kurnai,1,0,,-37.59,147.42,0.177,-0.752026734,1266.489941,0.264162299,-0.483110596,1603996.771,697.82,0.015837701
Tasmanians (western),1,0,1,-41.38,145.21,0.1335,-0.874518734,1397.485058,0.190358424,-0.494914132,1952964.487,362.36,0.089641576
Seri,1,0,1,29.59,-112.18,0.2548,-0.593800576,282.5979678,0.17982893,-0.427364004,79861.6114,323.38,0.10017107
Cahuilla,1,0,2,33.59,-116.24,0.4375,-0.359021943,262.677402,0.191043103,-0.61249343,68999.41752,364.97,0.088956897
Cupeno,1,0,2,33.26,-116.59,0.488,-0.311580178,902.5626528,0.217083213,-0.599240244,814619.3422,471.25,0.062916787
Kiliwa,1,0,1,31.44,-115.25,0.1225,-0.911863911,242.6108037,0.174001369,-0.522716516,58860.00207,302.76,0.105998631
Diegueno,1,0,1,32.44,-116.49,0.181,-0.742321425,672.1053191,0.207970284,-0.567328947,451725.56,432.52,0.072029716
Lake Yokuts,1,0,1,36,-119.83,0.381,-0.419075024,316.6653628,0.219833805,-0.682127272,100276.952,483.27,0.060166195
Wukchumi,1,0,1,36.45,-118.96,0.2421,-0.616005211,969.7066527,0.247982271,-0.702817975,940330.9923,614.95,0.032017729
Nomlaki,1,0,1,40,-122.56,0.6944,-0.158390288,1121.464867,0.250605987,-0.802374446,1257683.448,628.03,0.029394013
Patwin,1,0,1,39.08,-122.05,0.82,-0.086186148,761.5396436,0.24810797,-0.776405452,579942.6288,615.58,0.03189203
Monache,1,0,2,36.6,-117.08,0.287,-0.542118103,162.7471189,0.167183975,-0.721036086,26486.62471,279.5,0.112816025
Chimariko,1,0,3,40.85,-123.3,0.5,-0.301029996,1230.700635,0.273225986,-0.834797659,1514624.053,746.52,0.006774014
Miwok (Coast),1,0,2,38.24,-122.88,0.5357,-0.271078354,1451.528541,0.288343988,-0.750114086,2106935.105,831.42,0.008343988
Mattole,1,0,1,40.17,-124.04,1.164,0.06595298,1468.729531,0.265913656,-0.812731367,2157166.435,707.1,0.014086344
Miwok,1,0,2,38,-119.77,0.2454,-0.610125442,1222.072625,0.253979926,-0.749238435,1493461.501,645.06,0.026020074
Yuki (Coast),1,0,1,39.64,-123.74,0.6696,-0.174184555,1540.115432,0.282306601,-0.790653929,2371955.544,796.97,0.002306601
Klamath,1,0,1,42.62,-121.5,0.1336,-0.874193542,805.6885905,0.24546274,-0.869820345,649134.1049,602.52,0.03453726
Guaicura,1,0,2,25,-111.54,0.06,-1.22184875,235.2774436,0.150222441,-0.274040854,55355.47547,225.67,0.129777559
Chichimec,1,0,1,22,-100,0.09,-1.045757491,864.6207007,0.299877067,-0.018746568,747568.9561,899.26,0.019877067
Death Valley,1,0,1,36.52,-116.81,0.0129,-1.88941029,211.3090598,0.164160712,-0.72379418,44651.51875,269.49,0.115839288
Karankawa,1,0,1,28.44,-96.91,0.21,-0.677780705,1411.960417,0.286952188,-0.2523755,1993632.219,823.42,0.006952188
Coahuilenos,1,0,,26,-102.07,0.0168,-1.774690718,457.173421,0.205038002,-0.185583392,209007.5369,420.41,0.074961998
Panamint Shoshoni,1,0,1,36.37,-117.33,0.0212,-1.673664139,320.2264661,0.17829453,-0.713886044,102544.9896,317.89,0.10170547
Yavapai,1,0,1,33.37,-110.5,0.0148,-1.829738285,699.7627066,0.251344286,-0.595698018,489667.8455,631.74,0.028655714
Koso Mountain Shoshoni,1,0,1,36.12,-117.7,0.0857,-1.067019178,430.0144183,0.194976853,-0.698304643,184912.3999,380.16,0.085023147
Walapai,1,0,1,35.95,-114.5,0.0386,-1.413412695,273.5612003,0.188258976,-0.722568753,74835.73031,354.41,0.091741024
Kawaiisu Shoshoni,1,0,1,35.37,-118,0.119,-0.924453039,286.2042825,0.186344404,-0.673277071,81912.89132,347.24,0.093655596
Saline Valley Shoshoni,1,0,1,36.65,-117.79,0.0232,-1.634512015,416.3263315,0.194444598,-0.715928888,173327.6143,378.09,0.085555402
Anotarianunt Southern Paiute,1,0,1,37.86,-110.72,0.0345,-1.462180905,520.5313364,0.205622809,-0.79441764,270952.8722,422.81,0.074377191
Owens Valley Paiute,1,0,1,36.88,-118.18,0.3804,-0.419759492,414.6102025,0.223552901,-0.724020379,171901.62,499.76,0.056447099
Kawich Mountain Shoshoni,1,0,1,37.92,-116.45,0.0199,-1.701146924,474.0018573,0.168457083,-0.769793846,224677.7607,283.78,0.111542917
Kaibab Southern Paiute,1,0,1,36.9,-112.55,0.0371,-1.43062609,538.5753984,0.20415451,-0.773675555,290063.4598,416.79,0.07584549
Mono Lake Paiute,1,0,1,38.11,-118.85,0.059,-1.229147988,512.2858205,0.215051735,-0.75857692,262436.7619,462.47,0.064948265
Deep Spring Paiute,1,0,1,37.28,-118,0.0354,-1.450996738,284.4017238,0.191474329,-0.73747545,80884.3405,366.62,0.088525671
Salmon-eater Shoshoni,1,0,1,42.94,-115.3,0.069,-1.161150909,468.965054,0.206948815,-0.891664643,219928.2219,428.28,0.073051185
Ute-timanogas,1,0,1,40.22,-111.81,0.0347,-1.459670525,719.532904,0.244404501,-0.844838334,517727.5999,597.34,0.035595499
Cattail Paiute,1,0,1,40.12,-118.37,0.22,-0.657577319,295.1991446,0.181375728,-0.820389935,87142.53497,328.97,0.098624272
Fish Lake Paiute,1,0,1,37.69,-118.14,0.0389,-1.410050399,264.4943809,0.196665795,-0.752756693,69957.27753,386.77,0.083334205
Honey Lake Paiute,1,0,1,40.27,-120.44,0.106,-0.974694135,739.1331794,0.229723308,-0.817494244,546317.8569,527.73,0.050276692
Hukunduka Shoshoni,1,0,1,41.55,-112.22,0.0296,-1.528708289,713.4679326,0.226812266,-0.869971627,509036.4908,514.44,0.053187734
Gosiute Shoshoni,1,0,1,39.88,-114,0.0167,-1.777283529,689.046318,0.195516644,-0.835005907,474784.8283,382.27,0.084483356
Spring Valley Shoshoni,1,0,1,39.19,-114.48,0.0609,-1.215382707,445.326853,0.199331543,-0.818227501,198316.006,397.33,0.080668457
White Knife Shoshoni,1,0,1,41,-117.31,0.1171,-0.931443105,383.5242239,0.188031528,-0.846525832,147090.8303,353.56,0.091968472
Rainroad Valley Shoshoni,1,0,1,38.33,-115.78,0.0428,-1.368556231,424.8899047,0.17778278,-0.784527026,180531.4311,316.07,0.10221722
Reese River Shoshoni,1,0,1,39.25,-117.32,0.167,-0.777283529,492.3845324,0.18943808,-0.802951127,242442.5277,358.87,0.09056192
Grouse Creek Shoshoni,1,0,1,41.59,-113.94,0.0164,-1.785156152,487.3843839,0.208511586,-0.868782475,237543.5377,434.77,0.071488414
Utewimonantci,1,0,1,37.67,-109,0.026,-1.585026652,662.8124877,0.228705431,-0.778583171,439320.3939,523.06,0.051294569
Bear Creek Paiute,1,0,1,43.94,-120.49,0.011,-1.958607315,574.2705369,0.215524865,-0.89738539,329786.6496,464.51,0.064475135
Antelope Valley Shoshoni,1,0,1,40.19,-114.24,0.0113,-1.946921557,507.3253548,0.197512577,-0.841148328,257379.0156,390.11,0.082487423
Surprise Valley Paiute,1,0,1,41.5,-120.06,0.1359,-0.866780543,590.324024,0.218583498,-0.849686621,348482.4533,477.79,0.061416502
Wind River Shoshoni,1,0,1,43.19,-108.86,0.0187,-1.728158393,440.2328722,0.228729334,-0.895374269,193804.9818,523.17,0.051270666
Ruby Valley Shoshoni,1,0,1,40.36,-115.39,0.1379,-0.860435734,721.0466315,0.205970142,-0.841014387,519908.2448,424.24,0.074029858
Uintah-ute,1,0,1,40.47,-110.22,0.0748,-1.126098402,500.6960111,0.237939201,-0.846154933,250696.4955,566.15,0.042060799
Harney Valley Paiute,1,0,1,43.25,-119.14,0.0124,-1.906578315,465.6016067,0.205703295,-0.895597315,216784.8562,423.14,0.074296705
Sheep-eater Shoshoni,1,0,1,45.17,-113.84,0.0624,-1.20481541,564.5871543,0.247345128,-0.924796054,318758.6548,611.8,0.032654872
Little Smokey Shoshoni,1,0,1,39.33,-115.84,0.01822,-1.739451627,484.0454138,0.191416437,-0.81039262,234299.9626,366.4,0.088583563
Uncompahgre Ute,1,0,1,38.14,-107.8,0.0429,-1.367542708,860.7539755,0.252729549,-0.778561471,740897.4063,638.72,0.027270451
Lipan Apache,1,0,1,28.96,-98.48,0.0051,-2.292429824,1093.821812,0.243899219,-0.288318621,1196446.156,594.87,0.036100781
Chiricahua Apache,1,0,1,32.52,-101.76,0.0116,-1.935542011,804.2310839,0.206213823,-0.499358939,646787.6363,425.24,0.073786177
Kiowa,1,0,1,36.9,-99.1,0.014,-1.853871964,1030.782435,0.196991538,-0.657814988,1062512.428,388.06,0.083008462
Kiowa Apache,1,0,1,35.83,-98.9,0.0414,-1.382999659,1128.934062,0.202044665,-0.608159214,1274492.116,408.22,0.077955335
Arapahoe,1,0,2,40.13,-102.72,0.075,-1.124938737,719.532904,0.180393165,-0.80195283,517727.5999,325.42,0.099606835
Plains Ojibwa,1,0,2,47.6,-97.25,0.0279,-1.554395797,854.6723556,0.176155906,-0.930592527,730464.8354,310.31,0.103844094
Assiniboine,1,0,2,49.49,-102.43,0.0321,-1.493494968,718.018171,0.168555331,-0.961794512,515550.0939,284.11,0.111444669
Plains Cree,1,0,2,51.86,-102.67,0.0273,-1.563837353,659.1079622,0.175930157,-0.974947019,434423.3058,309.51,0.104069843
Blood,1,0,2,52.79,-90.64,0.0051,-2.292429824,529.1262721,0.134885084,-0.965304984,279974.6118,181.94,0.145114916
Sarsi,1,0,1,53.15,-111.04,0.0175,-1.756961951,736.1287538,0.162334885,-0.977498938,541885.5422,263.53,0.117665115
Yakima,1,0,1,46.33,-120.27,0.27,-0.568636236,383.5242239,0.21358822,-0.918623329,147090.8303,456.2,0.06641178
Sanpoil,1,0,2,47.94,-118.44,0.112,-0.950781977,644.1153873,0.218875599,-0.938671203,414884.6322,479.07,0.061124401
Kalispel,1,0,1,47.94,-115.67,0.015,-1.823908741,1070.524148,0.244404193,-0.946753542,1146021.951,597.33,0.035595807
Ojibwa (Kitchibaun),1,0,2,45.21,-85.1,0.05,-1.301029996,1120.170623,0.232585149,-0.846463624,1254782.225,540.96,0.047414851
Kitikitegon,1,0,2,45,-91,0.0309,-1.510041521,1021.881907,0.207076924,-0.850251205,1044242.632,428.81,0.072923076
Rainy River Ojibwa,1,0,1,45.21,-85.1,0.0121,-1.91721463,1120.170623,0.232585149,-0.846463624,1254782.225,540.96,0.047414851
Northern Saulteaux,1,0,1,52.28,-96.78,0.012,-1.920818754,629.0178117,0.174457666,-0.9684539,395663.4074,304.35,0.105542334
Pekangekum Ojibwa,1,0,1,51.84,-93.85,0.0308,-1.511449283,617.2678618,0.155515092,-0.962387734,381019.6132,241.85,0.124484908
Round Lake Ojibwa,1,0,1,52.71,-90.62,0.0175,-1.756961951,529.1262721,0.134885084,-0.965304984,279974.6118,181.94,0.145114916
Mistassini Cree,1,0,1,51.75,-72.66,0.0058,-2.236572006,446.6447582,0.120757432,-0.946179803,199491.54,145.82,0.159242568
Ojibwa (Northern Albany),1,0,1,51.22,-83.1,0.0143,-1.844663963,605.6813298,0.130576208,-0.951424866,366849.8733,170.5,0.149423792
Waswanip Cree,1,0,1,49.78,-76.64,0.0041,-2.387216143,629.0178117,0.154494851,-0.935303544,395663.4074,238.69,0.125505149
Montagnais,1,0,1,52.42,-63.33,0.0041,-2.387216143,455.7680801,0.118402843,-0.904472403,207724.5428,140.19,0.161597157
Sekani,1,0,1,56.14,-120,0.0082,-2.086186148,715.8383336,0.159891322,-0.971352322,512424.5199,255.65,0.120108678
Beaver,1,0,1,58.51,-115.76,0.0051,-2.292429824,577.4286087,0.153770238,-0.976023975,333423.7981,236.45,0.126229762
Slave,1,0,1,61.15,-119.5,0.0055,-2.259637311,460.3868231,0.137500383,-0.967503512,211956.0269,189.06,0.142499617
Kaska,1,0,1,59.73,-125,0.0066,-2.180456064,493.7968499,0.145472873,-0.964438192,243835.329,211.62,0.134527127
Mountain,1,0,1,63.68,-125.37,0.0078,-2.107905397,297.2370165,0.124504995,-0.951573491,88349.84398,155.01,0.155495005
Hare,1,0,2,67.47,-125,0.0033,-2.48148606,231.5600522,0.082640618,-0.930802159,53620.05777,68.29,0.197359382
Attawapiskat Cree,1,0,1,53.62,-83.88,0.0143,-1.844663963,484.0571194,0.108949582,-0.968721859,234311.2948,118.7,0.171050418
Koyukon,1,0,3,66.52,-153.78,0.0109,-1.962573502,278.6567858,0.102973215,-0.893651933,77649.60427,106.03,0.177026785
Chippewyan,1,0,3,59.47,-106.19,0.0046,-2.337242168,382.9495242,0.127518481,-0.982145431,146650.3381,162.61,0.152481519
Ingalik,1,0,3,61.82,-157.75,0.0271,-1.567030709,474.4731272,0.116878552,-0.928493535,225124.7484,136.61,0.163121448
Satudene,1,0,3,65.75,-122.89,0.0055,-2.259637311,278.6567858,0.098035166,-0.944795684,77649.60427,96.11,0.181964834
Nabesna,1,0,2,63.44,-143.12,0.00667,-2.175874166,403.2706728,0.114973404,-0.935714785,162627.2355,132.19,0.165026596
Rupert House Cree,1,0,1,51.08,-77.81,0.009,-2.045757491,550.1909329,0.138435305,-0.949854567,302710.0626,191.64,0.141564695
Dogrib,1,0,3,63.85,-115.61,0.0088,-2.055517328,310.2291681,0.094660935,-0.962903497,96242.13674,89.61,0.185339065
Naskapi,1,0,3,56.19,-68.92,0.0042,-2.37675071,378.9917215,0.086304902,-0.955531548,143634.725,74.49,0.193695098
Kobuk Inuit,1,0,2,66.95,-156.94,0.0267,-1.573488739,294.0655189,0.088296041,-0.881986362,86474.52941,77.96,0.191703959
Labrador Inuit,1,0,2,57.97,-62.02,0.0278,-1.555955204,375.0689606,0.076864782,-0.935897218,140676.7252,59.08,0.203135218
Caribou Inuit,1,0,3,64.33,-96.2,0.003,-2.522878745,165.8834675,0.048520337,-0.971893803,27517.32479,23.54,0.231479663
Noatak Inuit,1,0,3,68.09,-160,0.022,-1.657577319,236.6972486,0.063027013,-0.858268589,56025.58749,39.72,0.216972987
Nunamiut Inuit,1,0,3,68.18,-151.71,0.0096,-2.017728767,165.8834675,0.073598472,-0.878218965,27517.32479,54.17,0.206401528
Copper Inuit,1,0,3,68.58,-106.61,0.0043,-2.366531544,141.628487,0.049675091,-0.947429508,20058.62833,24.68,0.230324909
Utkuhikhalingmiut,1,0,3,66.99,-95.18,0.0038,-2.420216403,133.8123034,0.043994998,-0.959833334,17905.73254,19.36,0.236005002
Aivilingmiut Inuit,1,0,3,65.16,-88.12,0.0032,-2.494850022,169.6529077,0.045059049,-0.968727473,28782.10909,20.3,0.234940951
Ingulik Inuit,1,0,3,69.44,-81.51,0.0018,-2.744727495,146.5245493,0.034777847,-0.947526693,21469.44355,12.09,0.245222153
West Greenland,1,0,3,69.31,-50.21,0.0473,-1.325138859,352.2575705,0.043009096,-0.931899904,124085.396,18.5,0.236990904
Netsilik Inuit,1,0,3,71.46,-94.93,0.0025,-2.602059991,107.7059943,0.038545333,-0.931335918,11600.58121,14.86,0.241454667
Angmaksaslik,1,0,3,65.63,-37.64,0.0531,-1.274905479,529.1262721,0.048670606,-0.890821782,279974.6118,23.69,0.231329394
Polar Inuit,1,0,3,77.49,-69.5,0.0041,-2.387216143,167.7582278,0.031370222,-0.908415203,28142.82299,9.84,0.248629778
Orogens,2,1,2,51.91,122.5,0.043,-1.366531544,337.7263021,0.211133477,-0.393218872,114059.0551,445.77,0.068866523
Ket,2,1,2,62,90,0.0164,-1.785156152,403.2706728,0.161573213,-0.67552678,162627.2355,261.06,0.118426787
Gilyak,2,1,2,51.54,140,0.6,-0.22184875,611.4541773,0.202169773,-0.556010984,373876.2109,408.73,0.077830227
Siberian Eskimo,2,1,2,65.96,170.08,0.047,-1.327902142,165.8834675,0.084731669,-0.681886661,27517.32479,71.79,0.195268331
Tehuelche,2,1,1,-46,-68.7,0.0189,-1.723538196,291.6047829,0.106862721,-0.715314818,85033.34941,114.2,0.173137279
Mulluk,2,1,1,-13.58,130.58,0.45,-0.346787486,1733.729091,0.240348904,-0.214927175,3005816.561,577.68,0.039651096
Tasmanians (eastern),2,1,1,-42.62,147.49,0.0817,-1.087777943,1032.089562,0.210394995,-0.505806989,1065208.864,442.66,0.069605005
Serrano,2,1,1,34.52,-117,0.1758,-0.754981129,448.7172072,0.177825862,-0.649101624,201347.132,316.22,0.102174138
Luiseno,2,1,1,33.42,-117.3,0.679,-0.168130226,580.704726,0.225705377,-0.605167333,337217.9788,509.43,0.054294623
Tubatulabal,2,1,1,36.01,-118.32,0.172,-0.764471553,965.6582775,0.214201048,-0.694869487,932495.9089,458.82,0.065798952
Northern Foothill Yokuts,2,1,1,37.44,-120.44,0.3829,-0.416914634,653.4825598,0.208490135,-0.730760075,427039.456,434.68,0.071509865
Eastern Pomo,2,1,1,39.03,-122.94,1.27,0.103803721,1349.608902,0.258180075,-0.773260499,1821444.188,666.57,0.021819925
Clear-Lake Pomo,2,1,1,39.12,-122.94,3.087,0.489536629,1349.608902,0.258180075,-0.773260499,1821444.188,666.57,0.021819925
Wintu,2,1,1,40.9,-122.35,0.5882,-0.23047498,1708.344468,0.263649994,-0.833655553,2918440.821,695.11,0.016350006
Nisenan,2,1,1,39.03,-121.15,0.3975,-0.400662867,1543.290262,0.23505975,-0.780139708,2381744.833,552.53,0.04494025
Salinan,2,1,1,35.47,-120.84,0.374,-0.427128398,601.498209,0.2725265,-0.666245314,361800.0954,742.71,0.0074735
Pomo (Southern),2,1,1,38.54,-122.88,1.108,0.04453976,1583.353741,0.259086756,-0.759113501,2507009.069,671.26,0.020913244
Sinkyone,2,1,1,40.1,-123.96,0.9644,-0.015742798,1540.115432,0.262696165,-0.80734943,2371955.544,690.09,0.017303835
Lessik,2,1,1,40.18,-123.16,0.972,-0.012333735,1282.836617,0.256951073,-0.813202855,1645669.786,660.24,0.023048927
Miwok (Lake),2,1,2,38.79,-122.48,0.65,-0.187086643,1281.389202,0.253268664,-0.765036036,1641958.287,641.45,0.026731336
Yuki (Proper),2,1,1,39.7,-123.15,1.316,0.119255889,1531.195501,0.257915668,-0.796254714,2344559.662,665.2,0.022084332
Wappo,2,1,1,38.59,-122.54,1.206,0.081347308,1511.01856,0.254987565,-0.759771857,2283177.089,650.19,0.025012435
Pomo (Northern),2,1,1,39.34,-123.29,1.084,0.035029282,1584.659934,0.259428044,-0.784709536,2511147.106,673.03,0.020571956
Yana,2,1,1,40.38,-122.89,0.313,-0.504455662,1450.892556,0.261100169,-0.818681079,2105089.209,681.73,0.018899831
Tekelma,2,1,1,42.44,-123.48,0.1285,-0.891096872,1398.193125,0.248727705,-0.866115786,1954944.015,618.65,0.031272295
Tolowa,2,1,1,41.87,-123.92,0.5714,-0.243059764,1397.485058,0.262410904,-0.859382355,1952964.487,688.59,0.017589096
Shasta,2,1,1,41.62,-122.7,0.1709,-0.767257937,977.7792501,0.291579479,-0.851189528,956052.2619,850.19,0.011579479
Hupa,2,1,1,40.93,-123.61,0.8,-0.096910013,1522.273363,0.276862759,-0.835196045,2317316.192,766.53,0.003137241
Tututni,2,1,1,42.61,-124.04,0.6707,-0.173471694,1406.37188,0.237511438,-0.866751691,1977881.865,564.12,0.042488562
Karok,2,1,1,41.58,-123.47,0.469,-0.328827157,1265.391631,0.265310523,-0.853256299,1601215.98,703.9,0.014689477
Atsugewi,2,1,1,40.75,-121.12,0.1793,-0.74641971,1070.524148,0.239143506,-0.829856708,1146021.951,571.9,0.040856494
Wiyot,2,1,1,40.75,-124.14,1.0793,0.033142177,1540.115432,0.276302938,-0.829279823,2371955.544,763.43,0.003697062
Maidu (Mountain),2,1,1,40.28,-120.56,0.235,-0.628932138,949.3838916,0.229938144,-0.816984059,901329.7736,528.72,0.050061856
Yurok,2,1,1,41.4,-123.89,1.31,0.117271296,1468.729531,0.273603125,-0.851268641,2157166.435,748.59,0.006396875
Achumawi,2,1,1,41.32,-121.19,0.1725,-0.763210901,846.1083221,0.250170839,-0.842702477,715899.2927,625.85,0.029829161
Modoc,2,1,1,42,-121.31,0.0562,-1.250263684,622.1129751,0.24830557,-0.857880227,387024.5538,616.56,0.03169443
Pyramid Lake Paiute,2,1,1,40.01,-119.6,0.1853,-0.732124581,406.012444,0.205976265,-0.815652315,164846.1047,424.26,0.074023735
North River Paiute,2,1,1,37,-119.07,0.1604,-0.794795636,1182.808298,0.248931934,-0.719313355,1399035.47,619.67,0.031068066
Washo,2,1,1,39.08,-119.82,0.149,-0.826813732,497.3747306,0.227242877,-0.785524606,247381.6226,516.39,0.052757123
Bohogue-Northern Shoshoni,2,1,1,43,-112,0.0104,-1.982966661,678.2800038,0.214058564,-0.892715751,460063.7636,458.21,0.065941436
Comanche,2,1,1,36.83,-100.5,0.0233,-1.632644079,891.3914211,0.189607432,-0.666147454,794578.6656,359.51,0.090392568
Cheyenne,2,1,2,38.83,-102.35,0.0482,-1.316952962,689.046318,0.18321,-0.75729704,474784.8283,335.66,0.09679
Crow,2,1,2,45.83,-108.48,0.0581,-1.235823868,665.9142127,0.204638175,-0.931062794,443441.7387,418.77,0.075361825
Teton Lakota,2,1,2,44.5,-102.27,0.0877,-1.057000407,698.2348418,0.172560194,-0.902388367,487531.8943,297.77,0.107439806
Kutenai,2,1,2,47.48,-114.08,0.0201,-1.696803943,749.6173044,0.253816106,-0.945653099,561926.1031,644.23,0.026183894
Bannok,2,1,1,43.66,-112.32,0.0231,-1.63638802,474.0018573,0.213877855,-0.903099049,224677.7607,457.44,0.066122145
Gros-Ventre,2,1,2,48.12,-105.6,0.0337,-1.472370099,580.704726,0.168392905,-0.954580401,337217.9788,283.56,0.111607095
Peigan,2,1,2,49.34,-111.21,0.0254,-1.595166283,599.905075,0.171559955,-0.962893764,359886.099,294.33,0.108440045
Blackfoot,2,1,2,51.01,-110.76,0.0346,-1.460923901,585.5191654,0.150555544,-0.971504257,342832.6931,226.67,0.129444456
Squamish,2,1,1,49.77,-123.19,0.565,-0.247951552,990.0564197,0.271689661,-0.934026673,980211.7142,738.15,0.008310339
Alsea,2,1,1,44.42,-123.84,0.968,-0.014124643,1415.265305,0.253248417,-0.886801511,2002975.884,641.35,0.026751583
Puyallup,2,1,1,47.11,-122.04,0.3675,-0.434742657,1344.337429,0.262505077,-0.914052084,1807243.123,689.09,0.017494923
Twana,2,1,1,47.55,-123.16,0.2684,-0.571217489,1213.463617,0.274122836,-0.911659377,1472493.95,751.43,0.005877164
Chehalis,2,1,1,46.87,-123.67,0.2197,-0.658169943,1388.60546,0.25203828,-0.905204902,1928225.124,635.23,0.02796172
Chinook,2,1,1,46.06,-123.75,0.338,-0.4710833,1388.60546,0.262254743,-0.900406158,1928225.124,687.78,0.017745257
Coos,2,1,1,43.43,-124.11,1.042,0.017867719,1486.575358,0.25880546,-0.876051718,2209906.295,669.8,0.02119454
Stalo,2,1,1,49.23,-122.7,0.66,-0.180456064,1353.171664,0.290339205,-0.930829799,1831073.552,842.97,0.010339205
Cowichan,2,1,1,48.41,-123.64,0.3475,-0.459045191,1291.58198,0.242381971,-0.919346755,1668184.011,587.49,0.037618029
Tillamook,2,1,1,45.4,-123.82,0.4132,-0.383839687,1335.514097,0.24613897,-0.895853193,1783597.903,605.84,0.03386103
Eyak,2,1,2,60.48,-144,0.0586,-1.232102384,782.6977078,0.114677647,-0.946546752,612615.7018,131.51,0.165322353
Kuskowagmut,2,1,1,61.01,-161.55,0.173,-0.761953897,544.8645412,0.095878869,-0.9163169,296877.3683,91.93,0.184121131
Nunavak,2,1,2,60.03,-166.3,0.1922,-0.716246617,566.4121203,0.043772719,-0.894260925,320822.69,19.16,0.236227281
Tenino,2,1,1,45.59,-120.45,0.19,-0.721246399,458.8612974,0.211221062,-0.913055431,210553.6903,446.14,0.068778938
Umatiela,2,1,1,45.49,-119.94,0.105,-0.978810701,525.4655219,0.207356708,-0.914212772,276114.0147,429.97,0.072643292
Wenatchi,2,1,1,47.41,-120.31,0.5017,-0.299555899,495.7124356,0.25299082,-0.92675348,245730.8188,640.04,0.02700918
Wishram,2,1,2,45.72,-121.13,2.317,0.364926034,884.3792068,0.246816095,-0.91088296,782126.5814,609.18,0.033183905
Coeur d'Alene,2,1,1,47.42,-116.34,0.015,-1.823908741,990.0564197,0.239543219,-0.941404733,980211.7142,573.81,0.040456781
Okanogan,2,1,2,49.46,-119.63,0.1327,-0.877129077,540.2092418,0.264135899,-0.94454302,291826.0249,697.68,0.015864101
Nez-perce,2,1,1,46.25,-116.46,0.0888,-1.051587034,1008.427976,0.2445149,-0.931888592,1016926.983,597.88,0.0354851
Thompson,2,1,1,51.26,-121.75,0.332,-0.478861916,727.0915005,0.222315476,-0.950375887,528662.0501,494.24,0.057684524
Micmac,2,1,1,46.99,-65,0.0232,-1.634512015,974.3337722,0.212487886,-0.850271276,949326.2996,451.51,0.067512114
Flathead,2,1,1,46.28,-113.26,0.015,-1.823908741,746.626811,0.24778265,-0.935958934,557451.5949,613.96,0.03221735
Shuswap,2,1,2,53.41,-119.53,0.124,-0.906578315,544.8645412,0.223033133,-0.965908849,296877.3683,497.44,0.056966867
Nipigon Ojibwa,2,1,1,49.34,-88.31,0.0087,-2.060480747,690.218498,0.174823611,-0.930392472,476401.575,305.63,0.105176389
Weagamon Ojibwa,2,1,1,52.79,-113.86,0.0444,-1.35261703,762.2224755,0.176451853,-0.97343963,580983.1022,311.35,0.103548147
Tahltan,2,1,1,57.66,-127.85,0.0116,-1.935542011,455.7680801,0.150181488,-0.962444908,207724.5428,225.54,0.129818512
Han,2,1,1,64.79,-141.2,0.018,-1.744727495,341.3092874,0.111121896,-0.928613814,116492.0297,123.48,0.168878104
Kutchin,2,1,3,65.94,-135.23,0.017,-1.769551079,337.7263021,0.107624056,-0.926853614,114059.0551,115.83,0.172375944
Tutchone,2,1,3,61.24,-138.21,0.0092,-2.036212173,334.1762024,0.118551259,-0.948017372,111673.7343,140.54,0.161448741
Holikachuk,2,1,3,63.33,-157.54,0.0152,-1.818156412,437.6726459,0.105696422,-0.921255654,191557.345,111.72,0.174303578
Norton Sound Inuit,2,1,2,63.98,-160.75,0.0761,-1.118615343,446.6447582,0.104097123,-0.904863803,199491.54,108.36,0.175902877
Kotzebue Sound Inuit,2,1,2,66.77,-161.53,0.0663,-1.178486472,355.9741067,0.097352134,-0.86882512,126717.5646,94.77,0.182647866
Great Whale Inuit,2,1,3,55.32,-77.69,0.0186,-1.730487056,395.0350514,0.096263699,-0.97249135,156052.6918,92.67,0.183736301
Sivokamiut Inuit,2,1,2,63.49,-170.31,0.15,-0.823908741,433.2429043,0.04105451,-0.856185664,187699.4141,16.85,0.23894549
Point Hope Inuit,2,1,2,68.29,-166.62,0.042,-1.37675071,278.6567858,0.068740175,-0.830965013,77649.60427,47.25,0.211259825
Tareumiut Inuit,2,1,3,71.32,-156.78,0.0386,-1.413412695,177.4344959,0.059749462,-0.82661062,31483.00034,35.7,0.220250538
Paraujano,3,1,,9.9,-72.41,0.35,-0.455931956,1850.723874,0.533535414,0.109154906,3425178.858,2846.6,0.253535414
Calusa,3,1,,26.5,-82,0.3873,-0.411952503,1760.350983,0.287559262,-0.140611221,3098835.583,826.9,0.007559262
Gabrielino,3,1,1,34,-118,0.649,-0.187755303,665.9142127,0.227897467,-0.621448548,443441.7387,519.37,0.052102533
Chumash,3,1,1,34.63,-119.6,1.182,0.072617477,1049.003459,0.248862064,-0.63800277,1100408.257,619.32,0.031137936
Nootka,3,1,1,49.34,-125.74,1.539,0.18723862,1070.524148,0.207725456,-0.924548361,1146021.951,431.5,0.072274544
Lillooet,3,1,2,50.46,-123,0.235,-0.628932138,882.8318153,0.246596079,-0.940937152,779392.0141,608.1,0.033403921
Lummi,3,1,1,48.84,-122.34,1.0463,0.019656225,1379.733707,0.274293214,-0.928807507,1903665.102,752.37,0.005706786
Quinault,3,1,1,47.38,-123.82,0.852,-0.069560405,1213.463617,0.272652558,-0.908363542,1472493.95,743.39,0.007347442
Comox,3,1,1,50,-125.5,0.55,-0.259637311,1170.7225,0.211001386,-0.93018923,1370591.172,445.22,0.068998614
Bella-bella,3,1,1,52.87,-127.87,0.2051,-0.68803434,927.9601793,0.197500762,-0.949482897,861110.0944,390.07,0.082499238
Quileute,3,1,1,47.77,-124.14,1.043,0.018284308,1256.693158,0.267208552,-0.91096774,1579277.693,714,0.012791448
Clallam,3,1,1,47.95,-123.55,0.7,-0.15490196,990.0564197,0.27241311,-0.913745491,980211.7142,742.09,0.00758689
Makah,3,1,1,48.22,-124.58,1.23,0.089905111,1300.341814,0.257078561,-0.915165114,1690888.833,660.89,0.022921439
Haisla,3,1,1,53.5,-128.42,0.191,-0.718966633,912.7758266,0.204175008,-0.951198652,833159.7096,416.87,0.075824992
Kwakiutl,3,1,1,50.42,-126.67,0.687,-0.163043263,997.9658236,0.195023129,-0.932044257,995935.7851,380.34,0.084976871
Tsimshim,3,1,1,54,-129.58,0.419,-0.377785977,990.0564197,0.191729204,-0.951615164,980211.7142,367.6,0.088270796
Haida,3,1,1,53.54,-132.29,0.9709,-0.012825499,1145.339897,0.145545797,-0.945220835,1311803.48,211.84,0.134454203
Bella-coola,3,1,1,52.32,-126.58,0.13,-0.886056648,735.4770841,0.210877461,-0.948525887,540926.5412,444.69,0.069122539
Tlingit,3,1,1,57,-133.59,0.1142,-0.942333896,997.9658236,0.137764916,-0.953673676,995935.7851,189.79,0.142235084
Gitksan,3,1,1,55.65,-128.06,0.2358,-0.627456199,796.5439686,0.177770565,-0.959616086,634482.2939,316.02,0.102229435
Konaig,3,1,2,57.93,-153.16,0.306,-0.514278574,868.076536,0.123940767,-0.930377941,753556.8724,153.61,0.156059233
Chugash,3,1,1,61.21,-147.61,0.0648,-1.188424994,513.7474728,0.12473965,-0.941778233,263936.4658,155.6,0.15526035
Aleut,3,1,1,55,-162.85,0.5465,-0.262409834,810.5456344,0.14084653,-0.906884834,656984.2254,198.38,0.13915347
Sinkaietk,3,1,2,48.78,-119.56,0.1451,-0.838332588,574.2705369,0.261236973,-0.939766881,329786.6496,682.45,0.018763027
Alcatcho,3,1,1,51.32,-124.02,0.075,-1.124938737,709.3726625,0.209360648,-0.945009503,503209.5743,438.32,0.070639352
Chilcotin,3,1,1,51.68,-124,0.1152,-0.938547521,682.9002667,0.187505642,-0.949104506,466352.7743,351.58,0.092494358
Carrier,3,1,2,53.33,-123.15,0.0759,-1.119758224,817.6043111,0.188497724,-0.959181105,668476.8095,355.31,0.091502276
Tanaina,3,1,2,61.74,-150.45,0.0486,-1.313363731,702.9474189,0.129140732,-0.936475322,494135.0737,166.77,0.150859268
