GROUP,Latitude,Longitude,DENSITY,LnDENSITY,npp,biodiv,pathos,npp2,biodiv2,ID,DivDiff
Azande,5.41,27.11,10.67068833,1.028192435,1853.772301,0.353518695,0.713198364,3436471.744,1249.754674,AG,0.024481305
Bemba,-11,31,2.180801527,0.338616143,1686.630085,0.450781156,0.367541073,2844721.042,2032.036506,AG,0.072781156
Betsileo  (subprefecture),-18.78,47.46,25.63015325,1.408751203,1763.639122,0.255726188,0.515512902,3110422.954,653.9588339,AG,0.122273812
Bhaca,-28.5,31.09,30.69059417,1.487005296,1288.222527,0.402234647,0.041963042,1659517.279,1617.927109,AG,0.024234647
Boyela (4 subtribes),-1,23.25,2.2,0.342422681,2152.089093,0.391101525,0.662413943,4631487.465,1529.604032,AG,0.013101525
Cayua,-23,-54,0.875,-0.057991947,1853.772301,0.496161854,0.034839819,3436471.744,2461.765856,AG,0.118161854
Cocopa,32.5,-114.75,0.48828125,-0.311329952,151.4209566,0.165833568,-0.560021944,22928.30611,275.0077221,AG,0.212166432
Creek,33,-83,0.329989404,-0.481500005,1618.651372,0.242719768,-0.324953117,2620032.264,589.1288557,AG,0.135280232
Delaware,40,-75.45,0.255813954,-0.59207577,1575.760481,0.246684563,-0.63976504,2483021.092,608.5327383,AG,0.131315437
Dogon,14.21,-3.37,6.792811321,0.832049552,873.1111276,0.289629395,0.700833804,762323.0412,838.8518627,AG,0.088370605
Garo,25.35,90.25,16.94426336,1.229022693,2465.623786,0.42582558,0.615546178,6079300.654,1813.274246,AG,0.04782558
Goba,-15.85,29.67,5.56467147,0.745439529,1133.89702,0.408666915,0.254188815,1285722.451,1670.086473,AG,0.030666915
Guahibo,5.38,-68.31,0.34,-0.468521083,2438.228284,0.546434455,0.118390611,5944957.166,2985.906137,AG,0.168434455
Hanunoo,12.46,121.36,22.74193548,1.356827423,2570.691589,0.428643759,0.038103455,6608455.245,1837.354719,AG,0.050643759
Hasinai,31.02,-94.48,0.277777778,-0.5563025,1688.373082,0.262067647,-0.346736347,2850603.665,686.794514,AG,0.115932353
Havasupai,36.13,-112.36,0.032299742,-1.490800947,633.139748,0.215020422,-0.754411842,400865.9405,462.33782,AG,0.162979578
Hidatsa,47.5,-101.3,0.094117647,-1.026328939,742.1336178,0.171233029,-0.944195215,550762.3067,293.2075036,AG,0.206766971
Hunzakut,36.5,75,4.088607595,0.611575431,249.9247122,0.204731773,0.042713658,62462.36179,419.1509899,AG,0.173268227
Huron,44,-78,9.933774834,0.997114312,1187.756031,0.179206251,-0.818669312,1410764.39,321.1488044,AG,0.198793749
Iban,2.55,112.36,3.383422779,0.529356269,2592.522182,0.536872956,0.102625643,6721171.265,2882.325711,AG,0.158872956
Ifugao (subarea),16.5,121,100,2,2069.487446,0.450233496,0.139243079,4282778.289,2027.102005,AG,0.072233496
Ka'apor,-3.1,-46,0.098020735,-1.008682045,2184.123033,0.599552316,0.044447931,4770393.424,3594.629796,AG,0.221552316
Kekchi_Maya,16.05,-89.15,2.947440157,0.469444996,2520.714009,0.588761993,0.165014708,6353999.116,3466.406844,AG,0.210761993
Khasi,25.32,91.19,20.20430837,1.305443988,2394.270329,0.491279235,0.601578756,5732530.408,2413.552871,AG,0.113279235
Kofyar (Bong),9,9.16,148.3279462,2.171222983,1758.703636,0.377835657,0.74130489,3093038.478,1427.597837,AG,0.000164343
Lamet,20.9,101.4,2.8975,0.462023445,1861.358041,0.547144113,0.431545077,3464653.755,2993.666798,AG,0.169144113
Lozi,-14.47,26.02,7.003676471,0.845326076,1428.742446,0.419191338,0.277169754,2041304.976,1757.213781,AG,0.041191338
Lugbara,3,31.25,58.00316957,1.763451726,1551.969599,0.504900225,0.754251165,2408609.637,2549.242368,AG,0.126900225
Mapuche,-41.15,-71.24,28.37967402,1.453007403,1256.693158,0.18865934,-0.670850325,1579277.694,355.9234672,AG,0.18934066
Maring(Bomagai-Angoiang),-5,145,2.153846154,0.333214679,2584.068575,0.531361872,-0.2790889,6677410.4,2823.454387,AG,0.153361872
Matsigenka,-12,-73,0.299981735,-0.522905187,2085.413942,0.637738469,-0.062438225,4348951.308,4067.103547,AG,0.259738469
Miskito,12.6,-83.7,0.963883293,-0.015975547,2548.774224,0.563203106,0.141369541,6496250.045,3171.977384,AG,0.185203106
Mohave,35,-114,0.714285714,-0.146128036,567.8192359,0.189097434,-0.683212892,322418.6847,357.5783952,AG,0.188902566
NE Igbo,6,8,160.6870229,2.205980805,2241.590431,0.434571094,0.813562966,5024727.662,1888.520355,AG,0.056571094
Nuaulu,-3.26,129.1,2.317757009,0.365067903,2483.315949,0.40671898,-0.098824484,6166858.103,1654.203287,AG,0.02871898
Nuer,8.5,31.5,2.573340196,0.410497204,1249.137911,0.311436358,0.606622881,1560345.522,969.9260532,AG,0.066563642
Nukak,2.56,-71.81,0.04,-1.397940009,2466.228648,0.55644064,0.166080455,6082283.744,3096.261862,AG,0.17844064
Panare,6,-65,0.0854,-1.068542129,2525.486928,0.710842397,0.154960333,6378084.225,5052.969138,AG,0.332842397
Pedi,-22.9,31.7,32.30223069,1.509232514,757.0761864,0.368372221,0.140835049,573164.352,1356.98093,AG,0.009627779
Powhatan,36.54,-76.18,0.447437102,-0.349268007,1643.195519,0.271190827,-0.498028699,2700091.514,735.4446472,AG,0.106809173
Sandawe,-3.5,35.5,15.92356688,1.202040356,1380.009494,0.529222146,0.64569336,1904426.204,2800.760801,AG,0.151222146
Semai,4.5,102,5.810391978,0.764205432,2428.066019,0.66423059,0.148821844,5895504.591,4412.022763,AG,0.28623059
Siriono,-15,-63.58,0.579374276,-0.237040791,1878.615269,0.514700728,-0.004761382,3529195.329,2649.168393,AG,0.136700728
Sonjo,-2.23,35.85,2.5,0.397940009,851.821468,0.56698048,0.681817,725599.8133,3214.66865,AG,0.18898048
Swazi,-26.5,31.5,20.99483204,1.322112405,1137.610597,0.382255662,0.078321263,1294157.87,1461.193913,AG,0.004255662
Tana Toraja,-3,120,98.9314034,1.99533417,2411.345147,0.501374653,0.197923754,5814585.42,2513.765426,AG,0.123374653
Tarahumara gentiles,26.48,-107.04,3.55,0.550228353,1464.837423,0.353815636,-0.258393628,2145748.676,1251.855041,AG,0.024184364
Tigrinya (Mai Weini),15.31,38.91,61.17647059,1.786584418,847.5380314,0.341877252,0.492730907,718320.7147,1168.800557,AG,0.036122748
Tikopia,-12.27,168.83,164.2307692,2.215454527,2584.068575,0.363198687,-0.178865644,6677410.4,1319.132863,AG,0.014801313
Tiv,7,9,95.18828452,1.9785835,2029.736613,0.37714903,0.805664056,4119830.718,1422.413909,AG,0.00085097
Tsembaga,-5,145,26.35658915,1.420889207,2584.068575,0.531361872,-0.2790889,6677410.4,2823.454387,AG,0.153361872
Tswana (Tolkwa),-24,27,41.66666667,1.619788758,843.2460538,0.337515139,0.0068409,711063.9073,1139.164692,AG,0.040484861
Uchucmarca,-7.1,-77.8,10.84761905,1.035334425,1370.870413,0.515809369,0.231031981,1879285.69,2660.593054,AG,0.137809369
Valley Gwembe Tonga (middle river),-17,27,2.214497232,0.345275142,1251.461513,0.419054437,0.19084652,1566155.919,1756.066215,AG,0.041054437
Wonie,-9.08,143.2,0.325,-0.488116639,2207.088537,0.365030586,-0.309396686,4871239.809,1332.473284,AG,0.012969414
Xhosa Shixini,-32.2,28.45,95.86,1.981637425,1335.301063,0.341941955,-0.04421788,1783028.928,1169.243008,AG,0.036058045
Yanoama,2.5,-65,0.19379845,-0.712649701,2334.581898,0.679473529,0.029984765,5450272.639,4616.842762,AG,0.301473529
Yukpa,10,-7.76,2.715,0.433769834,1846.136025,0.336617164,0.849368034,3408218.222,1133.111148,AG,0.041382836
AL-MURRAH,22,45,0.023,-1.638272164,140.049581,0.062104453,0.444723302,19613.88514,38.56963051,AG,0.315895547
Ayacucho Quechuan,-13.67,-74.59,9.3575,0.971159836,950.9955089,0.24976193,-0.04434948,904392.458,623.8102178,AG,0.12823807
Bakkarwal,33.5,75,3.4134,0.533187184,1120.170623,0.402018619,0.189959917,1254782.225,1616.189704,AG,0.024018619
Basseri,29.38,53.5,0.9469,-0.023695883,453.7943041,0.193070541,0.313111141,205929.2704,372.7623368,AG,0.184929459
Charwa,37,55,3.6364,0.560671649,477.3541564,0.250394322,0.13235135,227866.9906,626.9731667,AG,0.127605678
CHUKCHI,69,172,0.013,-1.886056648,156.8021324,0.063024383,-0.674909427,24586.90873,39.72072791,AG,0.314975617
CYRENAICA,32.5,22,1,0,431.7203223,0.151991358,0.107025309,186382.4367,231.0137284,AG,0.226008642
Goajiro,11.75,-71.75,6.6875,0.825263795,675.1947115,0.41716959,0.044295218,455887.8984,1740.304668,AG,0.03916959
HUMR,11,28,0.9167,-0.037772769,934.3513596,0.263315058,0.573259,873012.4632,693.3481965,AG,0.114684942
JIE,3.1,34,5.404,0.73271534,1145.015596,0.441503661,0.692548413,1311060.714,1949.254825,AG,0.063503661
KABABISH,15,26.5,1.0856,0.035669835,352.0644764,0.161309187,0.443792698,123949.3956,260.2065365,AG,0.216690813
Kazakh,48,67,1.457,0.163459552,350.3056634,0.143021652,-0.298224479,122714.0578,204.551929,AG,0.234978348
Khalkas,46.75,104,0.3618,-0.441531437,453.7943041,0.137686377,-0.319963892,205929.2704,189.5753828,AG,0.240313623
Koryak,62.43,166.08,0.0063,-2.200659451,300.438921,0.096224971,-0.679140735,90263.54526,92.59245072,AG,0.281775029
MAASAI,-2,36,0.025,-1.602059991,802.7726091,0.565589999,0.68299216,644443.862,3198.92047,AG,0.187589999
MUTAIR,25,42,0.7785,-0.108741383,222.3971025,0.06063871,0.463254766,49460.47118,36.77053119,AG,0.31736129
Northern Somali,4.9,45.62,6.6324,0.821670711,510.6334297,0.19206613,0.393456356,260746.4995,368.8939835,AG,0.18593387
Nurzay,33.1,62.42,0.1433,-0.84375381,313.0995272,0.144653495,0.195628275,98031.31395,209.2463356,AG,0.233346505
Paratia,-15.47,-70.47,6.1414,0.788267385,1145.339897,0.224387049,-0.05364035,1311803.48,503.4954765,AG,0.153612951
Rwala,31,39,0.72,-0.142667504,179.65198,0.053407096,0.387388723,32274.83393,28.5231791,AG,0.324592904
Saami,69,24,0.1649,-0.782779344,465.0438169,0.092811351,-0.751071325,216265.7517,86.13946834,AG,0.285188649
Sherpa,27.92,86.75,2.4636,0.391570195,560.9646503,0.354410409,0.570160836,314681.3389,1256.06738,AG,0.023589591
TEDA,20,17.5,0.0889,-1.051098239,55.2607047,0.084488925,-0.105188249,3053.745484,71.3837842,AG,0.293511075
Toda,11.35,77.25,0.5683,-0.245422344,1127.691262,0.339106997,0.573533539,1271687.582,1149.935554,AG,0.038893003
TUAREG-AHAGGAR,25,5,0.032,-1.494850022,45.46792322,0.057048121,-0.0417874,2067.332042,32.54488126,AG,0.320951879
TUAREG-AYR,15,7.5,0.1107,-0.955852379,477.3541564,0.196086178,0.291075705,227866.9906,384.4978912,AG,0.181913822
TURKANA,3.25,36,2.4627,0.39141151,329.1085618,0.264581079,0.614241748,108312.4455,700.0314718,AG,0.113418921
Yakut,64,129.5,0.0645,-1.190440285,175.4582988,0.141263599,-0.684462714,30785.6146,199.5540451,AG,0.236736401
Algeria,28.15893844,2.61732102,11.23056772,1.050401711,59.16872299,0.050171516,0.047108523,3500.93778,25.17181018,IND,0.188828484
Angola,-12.29336112,17.53736149,10.38207955,1.016284352,1675.244004,0.341701713,0.322716988,2806442.473,1167.600607,IND,0.102701713
Cameroon,5.69110296,12.73964266,28.49808281,1.454815644,1941.559828,0.434707912,0.787543961,3769654.566,1889.709688,IND,0.195707912
"Congo, Rep.",-0.83788172,15.21965722,7.774477892,0.890671233,2092.672407,0.398204069,0.676263546,4379277.803,1585.664806,IND,0.159204069
Cote d'Ivoire,7.62842868,-5.56921598,41.83683318,1.621558803,1568.223059,0.407028325,0.85662383,2459323.563,1656.720574,IND,0.168028325
"Egypt, Arab Rep.",26.49593108,29.8618993,59.74386833,1.776293339,14,0.032251016,0.35478678,196,10.40128033,IND,0.206748984
Ethiopia,8.62278417,39.6008014,53.79828138,1.730768402,1112.713112,0.446775359,0.461761993,1238130.47,1996.082214,IND,0.207775359
Gabon,-0.58660329,11.78863005,4.076999554,0.610340664,2059.548981,0.46962533,0.720932918,4241742.005,2205.479506,IND,0.23062533
Ghana,7.95345124,-1.21676901,71.052087,1.851576839,1661.094768,0.406375254,0.882403066,2759235.828,1651.408471,IND,0.167375254
Kenya,0.5998746,37.79594437,45.48948563,1.657911026,923.3494388,0.480938165,0.647650567,852574.1861,2313.015186,IND,0.241938165
Libya,27.03094247,18.00865782,2.579237414,0.41149132,13.91164429,0.036852277,-0.037599223,193.5338469,13.5809032,IND,0.202147723
Morocco,29.83762793,-8.45616045,57.16596661,1.757137551,596.7156316,0.174906102,0.243895688,356069.545,305.9214452,IND,0.064093898
Mozambique,-17.27381898,35.53367351,20.43335938,1.310339773,1440.177101,0.422182503,0.317076526,2074110.082,1782.380658,IND,0.183182503
Nigeria,9.59411807,8.08944243,116.3514911,2.065771953,1901.461908,0.399823076,0.724099667,3615557.388,1598.584921,IND,0.160823076
Senegal,14.36624381,-14.47348904,44.43560758,1.647731123,1022.921424,0.259633101,0.868779908,1046368.24,674.0934713,IND,0.020633101
SouthAfrica,-29.0003377,25.08388384,30.90916218,1.490087233,743.6323435,0.249957781,-0.084457521,552989.0623,624.7889228,IND,0.010957781
SriLanka,7.61266309,80.70107795,273.664886,2.437219077,2275.553752,0.38708938,0.319006717,5178144.878,1498.381881,IND,0.14808938
Sudan,15.99035431,29.94047226,9.709610343,0.987201802,205.7484509,0.124736196,0.465898769,42332.42505,155.5911859,IND,0.114263804
Tanzania,-6.27565815,34.81310214,32.56832838,1.512795468,958.8930389,0.402640661,0.5458693,919475.8601,1621.195019,IND,0.163640661
Trinidad,10.45735757,-61.26565805,234.7974025,2.370693288,2280.82583,0.570301145,0.274219,5202166.467,3252.43396,IND,0.331301145
Tunisia,34.11956663,9.55288287,53.50559974,1.728399236,286.2042825,0.178206063,0.014351652,81912.89132,317.5740089,IND,0.060793937
Zambia,-13.45824537,27.77475082,12.09536149,1.082618853,1572.020813,0.440223499,0.307706296,2471249.437,1937.967291,IND,0.201223499
Zimbabwe,-19.00420587,29.85145031,27.23709149,1.43516073,1072.182973,0.406623681,0.17924034,1149576.328,1653.428179,IND,0.167623681
Bangladesh,23.86730412,90.23812793,869.0199231,2.939029733,2198.619739,0.320605595,0.593183028,4833928.757,1027.879475,IND,0.081605595
Cambodia,12.72004932,104.9069431,73.14517241,1.864185668,1935.215652,0.45145094,0.379479052,3745059.62,2038.079512,IND,0.21245094
China,36.56176801,103.8190739,122.3681331,2.087668334,564.5871543,0.209827874,0.191307871,318758.6548,440.2773671,IND,0.029172126
India,22.88578035,79.61197355,309.5031393,2.490665058,1584.294082,0.322932237,0.631613106,2509987.738,1042.852297,IND,0.083932237
Indonesia,-6.21462,106.84513,103.5736148,2.015249134,2202.865384,0.471790278,0.239905394,4852615.9,2225.860664,IND,0.232790278
Japan,35.6528,139.8354,335.6855782,2.525932683,1842.29883,0.32252876,-0.017463315,3394064.979,1040.24801,IND,0.08352876
Kazakhstan,48.15687954,67.29149657,5.745680748,0.759341491,367.8413509,0.144433107,-0.303959566,135307.2594,208.609224,IND,0.094566893
"Korea, Rep.",36.3852463,127.8391693,448.5949727,2.651854402,1459.809622,0.248215779,0.236676852,2131044.132,616.1107294,IND,0.009215779
Kyrgyz,41.46221785,74.54165548,26.37999141,1.42127465,724.0710729,0.289036475,-0.134718433,524278.9186,835.4208388,IND,0.050036475
Malaysia,3.1412,101.68653,60.19439705,1.779556069,2401.650179,0.676646706,0.129857239,5767923.582,4578.507647,IND,0.437646706
Mongolia,46.82681435,103.0529965,1.529136306,0.1844462,492.3845324,0.144867834,-0.337802279,242442.5277,209.8668933,IND,0.094132166
Pakistan,29.94975221,69.33958027,150.6900351,2.178084534,606.271269,0.15548252,0.299552223,367564.8516,241.7481403,IND,0.08351748
Philippines,14.6042,120.9822,223.0289942,2.348361326,2251.59553,0.428032621,0.099698159,5069682.431,1832.119246,IND,0.189032621
Singapore,1.35877066,103.8172532,47.57906034,1.677415861,2419.264405,0.559055368,0.1519644,5852840.261,3125.429045,IND,0.320055368
Tajikistan,38.53045125,71.01363312,47.35695858,1.675383803,605.6813298,0.261234717,-0.025638812,366849.8733,682.4357737,IND,0.022234717
Thailand,15.11816347,101.0028835,110.7630696,2.044394983,1671.720775,0.410130389,0.368540122,2794650.35,1682.06936,IND,0.171130389
Turkmenistan,39.11554017,59.37099935,9.895758831,0.995449103,259.0398227,0.138054942,0.030036362,67101.62974,190.5916701,IND,0.100945058
Uzbekistan,41.75554081,63.14001799,60.50096504,1.781762302,226.0833109,0.131558621,-0.081541135,51113.66347,173.0767076,IND,0.107441379
Vietnam,16.64601451,106.2991386,213.5867642,2.329574336,2183.038829,0.543831486,0.458650326,4765658.529,2957.526852,IND,0.304831486
Australia,-25.73288736,134.4909988,2.295192937,0.360819199,325.5592618,0.14467522,-0.48594288,105988.8329,209.3091928,IND,0.09432478
NewZeland,-41.81112825,171.4849539,13.68483916,1.136239697,1620.191775,0.171352307,-0.647060452,2625021.388,293.6161311,IND,0.067647693
Costa,9.9763424,-84.19208786,64.98070212,1.8127844,2276.995412,0.671386322,0.252832994,5184708.106,4507.595934,IND,0.432386322
Cuba,21.62290023,-79.01606913,98.74209716,1.994502347,1620.484585,0.310692385,-0.044558597,2625970.29,965.297581,IND,0.071692385
Dominican,18.8943308,-70.50569086,155.8210086,2.192626011,1710.822667,0.350920334,0.018373519,2926914.198,1231.450808,IND,0.111920334
Guatemala,15.69404158,-90.36482288,94.04820455,1.973350509,2520.714009,0.619933941,0.203333908,6353999.115,3843.180912,IND,0.380933941
Honduras,14.82688225,-86.61516846,47.04222987,1.6724879,1701.372044,0.501834386,0.126410951,2894666.832,2518.37751,IND,0.262834386
Jamaica,18.15695476,-77.31482556,222.5533678,2.347434171,1967.932276,0.330592987,0.017029639,3872757.443,1092.917231,IND,0.091592987
Nicaragua,12.84709633,-85.03052894,35.99604163,1.556254745,2483.315949,0.527375548,0.143002934,6166858.103,2781.249686,IND,0.288375548
Panama,8.5175119,-80.11915152,36.20202554,1.55873287,2481.253374,0.660436393,0.303422472,6156618.306,4361.762292,IND,0.421436393
Albania,41.14245128,20.04983034,107.1078239,2.029821196,1518.907059,0.334119864,0.117674898,2307078.654,1116.360835,IND,0.095119864
Austria,47.58549847,14.12647809,95.29437767,1.979067278,868.076536,0.277960685,-0.095732913,753556.8724,772.6214241,IND,0.038960685
Belarus,53.53131155,28.03208711,48.36635533,1.684543362,995.1599367,0.240870855,-0.345644221,990343.2996,580.1876879,IND,0.001870855
Belgium,50.63981435,4.64064572,335.0447855,2.525102863,1275.673932,0.204997043,-0.303679712,1627343.981,420.2378764,IND,0.034002957
Bosnia,44.17449912,17.76876588,74.78592516,1.873819871,1256.693158,0.261843273,0.049327846,1579277.693,685.6189962,IND,0.022843273
Bulgaria,42.76889988,25.21552327,75.94177846,1.880480764,1103.920585,0.262256971,0.034569062,1218640.658,687.7871884,IND,0.023256971
Croatia,45.08047284,16.40413079,79.75773099,1.90177279,1457.685379,0.257212969,0.017650141,2124846.664,661.5851142,IND,0.018212969
Czech,49.73341073,15.31240065,133.493128,2.12545891,1013.710573,0.22193252,-0.174903635,1027609.126,492.5404343,IND,0.01706748
Denmark,55.98126391,10.02799418,123.7791175,2.092647382,1030.782435,0.203380208,-0.414451641,1062512.428,413.6350901,IND,0.035619792
Estonia,58.67192416,25.54248555,32.37388783,1.510194858,990.0564197,0.221713015,-0.495353602,980211.7142,491.5666102,IND,0.017286985
Finland,64.49884844,26.27467024,16.53440304,1.21838852,735.4770841,0.146602211,-0.650421969,540926.5412,214.9220827,IND,0.092397789
France,46.18700581,2.53618475,108.0705955,2.033707545,1196.032712,0.224269241,-0.234456011,1430494.248,502.9669246,IND,0.014730759
Georgia,42.16855944,43.50778995,61.6770304,1.790123455,1179.228429,0.34286938,-0.032963779,1390579.688,1175.594117,IND,0.10386938
Germany,51.10697903,10.38577693,234.5561044,2.37024674,1072.182973,0.21265666,-0.25675903,1149576.328,452.2285504,IND,0.02634334
Greece,39.07466973,22.95556207,79.81261579,1.902071545,934.3513596,0.310053413,0.111893459,873012.4632,961.3311891,IND,0.071053413
Hungary,47.16277712,19.39559381,115.3508584,2.062020831,891.3914211,0.243428436,-0.063583509,794578.6656,592.5740345,IND,0.004428436
Ireland,53.1754426,-8.13793167,54.10696727,1.733253192,1335.514097,0.150386404,-0.466579878,1783597.903,226.1607051,IND,0.088613596
Italy,42.79663568,12.07000946,193.8147726,2.287386876,1184.014513,0.250701585,0.068557494,1401890.367,628.5128472,IND,0.011701585
Latvia,56.85085306,24.9123704,36.7512687,1.565272336,1037.978668,0.217802027,-0.437761022,1077399.715,474.3772297,IND,0.021197973
Lithuania,55.32611078,23.88720035,53.77494079,1.730579941,1007.105133,0.226623284,-0.380672168,1014260.749,513.5811285,IND,0.012376716
"Macedonia, FYR",41.59531059,21.68211343,79.8582117,1.902319581,880.1606899,0.310919467,0.097706045,774682.84,966.7091496,IND,0.071919467
Mauritius,-20.2777156,57.57120758,537.1543596,2.730099105,2167.707811,0.294810508,0.420760192,4698957.154,869.1323563,IND,0.055810508
Moldova,47.19499323,28.45673742,109.8888483,2.040953622,945.2949931,0.246722352,-0.132903531,893582.624,608.7191898,IND,0.007722352
Netherlands,52.10080804,5.2814735,452.7128358,2.655822808,1238.643433,0.20635062,-0.33638391,1534237.554,425.8057837,IND,0.03264938
Norway,68.75014407,15.34832968,11.92989705,1.076636696,882.8318153,0.114472006,-0.744590305,779392.0141,131.0384016,IND,0.124527994
Poland,52.12759537,19.39011841,121.6593817,2.085145605,889.9908401,0.21631971,-0.25821349,792083.6955,467.9421693,IND,0.02268029
Portugal,39.59550247,-8.50105506,109.5255499,2.039515442,1290.494259,0.236797354,-0.074423537,1665375.433,560.7298686,IND,0.002202646
Russian,61.98052168,96.68657347,8.890666836,0.948934336,258.3027725,0.153251318,-0.683697922,66720.32228,234.8596647,IND,0.085748682
Slovak,48.70547175,19.47905212,111.8027003,2.048452293,1054.193859,0.255794215,-0.129685547,1111324.692,654.3068043,IND,0.016794215
Slovenia,46.11555444,14.8044464,99.64947212,1.998475002,1326.702271,0.275612087,-0.029987213,1760138.916,759.620225,IND,0.036612087
Spain,40.24448626,-3.64754874,80.15693925,1.903941126,742.1336178,0.254176944,-0.114971328,550762.3067,646.0591886,IND,0.015176944
Sweden,62.79232016,16.74371219,21.17789966,1.325882886,796.5439686,0.13799743,-0.602548426,634482.2939,190.4329069,IND,0.10100257
Switzerland,46.79785296,8.20866006,174.9765308,2.242979802,875.4358982,0.312865732,-0.141098084,766388.0119,978.8496626,IND,0.073865732
UK,54.12387156,-2.86563362,100.6377459,2.002760901,1309.115534,0.203514965,-0.452536663,1713783.481,414.1834098,IND,0.035485035
Ukraine,48.99656784,31.38325794,583.1026979,2.765745051,924.7278771,0.223941983,-0.215542043,855121.6467,501.5001175,IND,0.015058017
Azerbaijan,40.28827674,47.54599646,100.6783524,2.0029361,662.8124877,0.262230128,0.058906787,439320.3939,687.6464003,IND,0.023230128
"Iran, Islamic Rep.",32.57503287,54.27407071,34.18582159,1.533846022,111.4221469,0.111144691,0.256107315,12414.89482,123.5314234,IND,0.127855309
Israel,31.4611019,35.00444995,246.4624538,2.391750768,598.3108827,0.200674173,0.367652305,357975.9124,402.7012371,IND,0.038325827
Jordan,31.24579389,36.77137251,44.4060166,1.647441817,122.9073473,0.086286939,0.371854371,15106.21602,74.45435842,IND,0.152713061
Kuwait,29.33431677,47.58699362,111.1766852,2.046013721,196.456119,0.114739507,0.400869934,38595.00669,131.6515447,IND,0.124260493
Lebanon,33.92306993,35.88016327,307.6253383,2.488022104,1372.462252,0.273429088,0.270884954,1883652.633,747.6346616,IND,0.034429088
Oman,20.60515412,56.09165967,6.182130776,0.791138188,84.44473038,0.055928486,0.402640129,7130.912489,31.27995546,IND,0.183071514
Qatar,25.30600936,51.18478512,55.57486287,1.7448784,147.6355307,0.09588142,0.387280108,21796.24993,91.93246701,IND,0.14311858
Saudi,24.12245467,44.53687041,8.153964257,0.911368803,266.3101537,0.068182634,0.448505746,70921.09796,46.48871579,IND,0.170817366
Syrian,35.02547248,38.50787939,74.15476256,1.870139049,334.4236819,0.13303223,0.241041216,111839.199,176.9757422,IND,0.10596777
Turkey,39.06160342,35.16895529,72.81340807,1.862211359,701.2895572,0.246344579,0.069852723,491807.043,606.856516,IND,0.007344579
UAE,23.90527175,54.30015737,11.83697888,1.073240873,136.2490438,0.086670366,0.381675126,18563.80194,75.11752343,IND,0.152329634
"Yemen, Rep.",15.90927655,47.58676005,36.52590043,1.562600931,101.8161312,0.073281341,0.401431748,10366.52457,53.70154939,IND,0.165718659
Canada,61.36206827,-98.30775723,3.133056424,0.495968216,216.7560273,0.066346125,-0.98044632,46983.17537,44.01808303,IND,0.172653875
Mexico,23.94753932,-102.5234504,46.21384588,1.664772112,661.2600798,0.191398307,-0.108701839,437264.8931,366.3331192,IND,0.047601693
USA,45.67955203,-112.4616706,28.44946393,1.454074087,748.7700855,0.243823488,-0.931176891,560656.6409,594.498933,IND,0.004823488
Argentina,-35.38135347,-65.17980881,12.31930084,1.090586061,909.5145982,0.195265833,-0.401644387,827216.8043,381.2874554,IND,0.043734167
Bolivia,-16.70814536,-64.6853892,6.765057002,0.83027146,2530.221175,0.596560747,-0.024250017,6402019.194,3558.847249,IND,0.357560747
Brazil,-10.78777567,-53.09783199,18.59530612,1.269403332,2323.892851,0.498686321,-0.147591412,5400477.983,2486.880468,IND,0.259686321
Chile,-37.73069754,-71.38255879,18.38931862,1.264565638,1282.836617,0.19989487,-0.563658147,1645669.786,399.5795905,IND,0.03910513
Colombia,3.91383156,-73.08114936,32.08842726,1.506348432,2422.341093,0.594170252,0.217334614,5867736.371,3530.382884,IND,0.355170252
Ecuador,-1.42381949,-78.75203573,41.41130645,1.617118932,1013.878947,0.645444676,0.463345988,1027950.519,4165.988298,IND,0.406444676
El Salvador,13.73944008,-88.87164456,254.9056016,2.406379379,2115.279684,0.516234072,0.205054962,4474408.142,2664.976171,IND,0.277234072
Paraguay,-23.22823896,-58.40014084,11.30483614,1.053264272,1590.859014,0.319197559,-0.032060544,2530832.402,1018.870817,IND,0.080197559
Peru,-9.15280281,-74.38242889,17.66665959,1.247154441,2047.609092,0.702440492,0.046478681,4192702.994,4934.226448,IND,0.463440492
Uruguay,-32.79951982,-56.01806795,17.93846689,1.253785323,1591.794373,0.292241798,-0.098797265,2533809.326,854.052685,IND,0.053241798
"Venezuela, RB",7.12422395,-66.18184085,23.88256386,1.378080948,2093.274673,0.616784714,0.153711475,4381798.857,3804.233834,IND,0.377784714
Punan,3,114,0.118,-0.928117993,2496.264766,0.539329876,0.07969767,6231337.782,2908.77,HG,0.259329876
Kubu,-3.04,102.69,0.092,-1.036212173,2557.670284,0.526788791,0.15720433,6541677.282,2775.06,HG,0.246788791
Shompen,7,93.77,0.39537,-0.402996287,2349.867903,0.286394554,-0.147388149,5521879.162,820.22,HG,0.006394554
Onge,10.7,92.47,0.401,-0.396855627,2534.466729,0.33651645,-0.035217869,6423521.6,1132.43,HG,0.05651645
Ayta-Pinatubo,15.5,120.33,0.9189,-0.036731748,2438.989741,0.419451662,0.134998356,5948670.957,1759.4,HG,0.139451662
North Island,13.32,92.89,0.3338,-0.476513668,2485.370323,0.317335444,0.046836649,6177065.642,1007.02,HG,0.037335444
Semang,5.86,101,0.1757,-0.755228239,2360.571015,0.620982289,0.140902696,5572295.517,3856.19,HG,0.340982289
Veddah,8.58,81.25,0.185,-0.732828272,1986.943206,0.360537613,0.328694935,3947943.304,1299.87,HG,0.080537613
Hill-Pandaran,9.25,77.25,0.7037,-0.152612449,2148.704278,0.40194199,0.495938577,4616930.074,1615.57,HG,0.12194199
Agta (Casiguran),17.33,122.13,0.87,-0.060480747,2428.053625,0.441623284,0.148363894,5895444.406,1950.31,HG,0.161623284
Agta (Isbela),17.48,122.05,0.42,-0.37675071,2394.270329,0.44448337,0.154116797,5732530.408,1975.65,HG,0.16448337
Agta (North Luzon),17.82,121.8,0.3794,-0.420902673,2122.883724,0.417116117,0.171526415,4506635.306,1739.86,HG,0.137116117
Chenchu,16.25,78.97,1.233,0.090963077,1118.968515,0.27878674,0.59896524,1252090.538,777.22,HG,0.00121326
Mrabri,18.41,100.47,0.2316,-0.635261445,1637.779228,0.50228826,0.382643846,2682320.8,2522.93,HG,0.22228826
Paliyans,9.75,77.5,0.0963,-1.016373713,1462.797373,0.349403926,0.505010223,2139776.154,1220.83,HG,0.069403926
Birhor,23.41,84.38,0.22,-0.657577319,1726.1392,0.328569975,0.649579697,2979556.538,1079.58,HG,0.048569975
Kadar,10.25,77.17,0.5,-0.301029996,2058.924314,0.381393201,0.533578313,4239169.331,1454.61,HG,0.101393201
Cholanaickan,10.18,76.4,0.705,-0.151810883,2624.898221,0.418381445,0.552137107,6890090.671,1750.43,HG,0.138381445
Nayaka,11.9,77.21,0.7,-0.15490196,1173.129692,0.335682805,0.582636471,1376233.274,1126.83,HG,0.055682805
Ainu (Hokkaido),44.01,144.17,0.348,-0.458420756,1070.524148,0.320176303,-0.361337762,1146021.951,1025.13,HG,0.040176303
Yukaghir,70,145,0.0061,-2.214670165,148.1919617,0.073694789,-0.715392752,21960.85751,54.31,HG,0.206305211
Nganasan,73.83,90,0.0046,-2.337242168,151.5808916,0.043012354,-0.709283124,22976.7667,18.5,HG,0.236987646
Shiriana,3.86,-66.17,0.156,-0.806875402,2571.112751,0.755792645,0.082827996,6610620.778,5712.23,HG,0.475792645
Akuriyo,3.01,-55,0.0704,-1.152427341,2374.845032,0.616180233,0.076625464,5639888.926,3796.78,HG,0.336180233
Yaruro-pume,6.85,-68.77,0.1995,-0.7000571,2288.425893,0.450306893,0.130231435,5236893.068,2027.76,HG,0.170306893
Guahibo,5.38,-68.31,0.1763,-0.753747688,2438.228284,0.546434455,0.118390611,5944957.165,2985.91,HG,0.266434455
Nukak,2.56,-71.81,0.0934,-1.029653124,2466.228648,0.55644064,0.166080455,6082283.744,3096.26,HG,0.27644064
Bororo,-16.52,-55,0.5136,-0.289374985,1895.610947,0.474696519,-0.065456187,3593340.862,2253.37,HG,0.194696519
Guato,-18,-57.5,0.0674,-1.171340103,1625.969641,0.469123074,-0.060798045,2643777.273,2200.76,HG,0.189123074
Siriono,-15,-63.58,0.06,-1.22184875,1878.615269,0.514700728,-0.004761382,3529195.329,2649.17,HG,0.234700728
Yuqui,-16.46,-64.97,0.0166,-1.779891912,2534.916886,0.57053983,-0.021532149,6425803.619,3255.16,HG,0.29053983
Nambikwara,-12.73,-59.55,0.0778,-1.109020403,2202.865384,0.507877485,-0.128988948,4852615.9,2579.4,HG,0.227877485
Guayaki (Ache),-25.7,-55.38,0.0348,-1.458420756,1968.617342,0.483622244,0.025648245,3875454.239,2338.9,HG,0.203622244
Botocudo,-18.71,-41.86,0.098,-1.008773924,1582.412776,0.574140239,0.367435715,2504030.194,3296.37,HG,0.294140239
Heta,-23.52,-53.68,0.096,-1.017728767,1826.042771,0.496159122,0.043436338,3334432.202,2461.74,HG,0.216159122
Aweikomo,-28,-50,0.041,-1.387216143,1829.206113,0.539620722,0.166153044,3345995.004,2911.91,HG,0.259620722
Chono,-45,-73.83,0.1364,-0.86518563,1265.391631,0.146947931,-0.709833879,1601215.98,215.94,HG,0.133052069
Alacaluf,-49.55,-74.52,0.1498,-0.824488187,1029.91528,0.117635051,-0.752648878,1060725.484,138.38,HG,0.162364949
Ona,-53.9,-68.62,0.0921,-1.03574037,740.6338967,0.111853705,-0.801134998,548538.5689,125.11,HG,0.168146295
Aka,2,17,0.0906,-1.042871802,2043.807199,0.422990906,0.699335647,4177147.867,1789.21,HG,0.142990906
Bayaka,3.58,17.76,0.1747,-0.757707095,2027.801922,0.44635461,0.710111177,4111980.635,1992.32,HG,0.16635461
Bambote,-6.64,28.26,0.25,-0.602059991,1515.953782,0.376337676,0.546595404,2298115.869,1416.3,HG,0.096337676
Baka,2.39,15.31,0.1363,-0.865504144,1963.12406,0.444218922,0.732233443,3853856.075,1973.3,HG,0.164218922
Efe,2.7,27.64,0.1596,-0.796967113,2276.034624,0.508093102,0.750305364,5180333.61,2581.59,HG,0.228093102
Mbuti,1.54,28.61,0.44,-0.356547324,2084.198565,0.559453055,0.767421373,4343883.658,3129.88,HG,0.279453055
Mikea,-22.32,43.81,0.0436,-1.360513511,1060.627846,0.170882917,0.442960866,1124931.428,292.01,HG,0.109117083
Hukwe,-16.93,24.32,0.029,-1.537602002,1163.399536,0.386145416,0.164695055,1353498.48,1491.08,HG,0.106145416
Hai//Om,-18.65,16.12,0.0384,-1.415668776,743.6323435,0.299926711,0.012740624,552989.0623,899.56,HG,0.019926711
Hadza,-3.82,35.32,0.24,-0.619788758,1156.067925,0.491299267,0.652735042,1336493.047,2413.75,HG,0.211299267
Dorobo (Okiek),0,36,0.4081,-0.389233405,1442.247171,0.60479949,0.714311289,2080076.902,3657.82,HG,0.32479949
Sekele,-16.42,19.53,0.0152,-1.818156412,1149.935897,0.293600433,0.120777488,1322352.567,862.01,HG,0.013600433
!Kung,-20,21.18,0.066,-1.180456064,742.1336178,0.270551481,-0.073538515,550762.3067,731.98,HG,0.009448519
Nharo,-21.64,21.61,0.125,-0.903089987,748.1225541,0.221494353,-0.098115422,559687.356,490.6,HG,0.058505647
G/Wi,-22.46,23.39,0.0293,-1.53313238,647.2419256,0.210085397,-0.062655894,418922.1103,441.36,HG,0.069914603
Kua,-22.88,24.41,0.0636,-1.196542884,648.8036384,0.215169792,-0.043856119,420946.1612,462.98,HG,0.064830208
!Ko,-23.86,22.2,0.0103,-1.987162775,607.8601773,0.19305607,-0.113010906,369493.9951,372.71,HG,0.08694393
/Auni-khomani,-27.37,19.82,0.0064,-2.193820026,268.1247213,0.169485356,-0.163171319,71890.86617,287.25,HG,0.110514644
//Xegwi,-26.28,30.23,0.0357,-1.447331784,1258.413832,0.343798944,0.052170108,1583605.373,1181.98,HG,0.063798944
/Xam,-31.47,19.77,0.0243,-1.614393726,455.4844235,0.243734853,-0.154677328,207466.0601,594.07,HG,0.036265147
Kaurareg,-10.77,142.12,0.35,-0.455931956,2005.60395,0.264333152,-0.325885681,4022447.204,698.72,HG,0.015666848
Larikia,-12.6,130.78,0.4,-0.397940009,1962.435346,0.277608875,-0.208273856,3851152.487,770.67,HG,0.002391125
Gunwinggu,-12.43,134.12,0.1784,-0.74860515,1683.137137,0.238634524,-0.28757093,2832950.622,569.46,HG,0.041365476
Mirrngadja,-12.31,135.2,0.385,-0.41453927,1694.455378,0.237749458,-0.306925881,2871179.028,565.25,HG,0.042250542
Anbara,-12.2,134.73,0.437,-0.359518563,1628.703985,0.237803756,-0.298628267,2652676.671,565.51,HG,0.042196244
Gidjingali,-12.18,134.4,0.727,-0.138465589,1660.20544,0.239419368,-0.292653162,2756282.103,573.22,HG,0.040580632
Murngin (Yolngu),-12.93,135.84,0.1176,-0.929592678,1676.12335,0.226481179,-0.320366348,2809389.484,512.94,HG,0.053518821
Jeidji (Forest-river),-15.55,128.19,0.17,-0.769551079,1159.737382,0.241911017,-0.176965038,1344990.795,585.21,HG,0.038088983
Wikmunkan,-13.47,142,0.0841,-1.075204004,1944.367315,0.232974564,-0.335468222,3780564.256,542.77,HG,0.047025436
Kakadu,-13.13,132.95,0.088,-1.055517328,1821.356397,0.238341968,-0.269265433,3317339.125,568.07,HG,0.041658032
Nunggubuyu,-13.76,135.98,0.23,-0.638272164,1578.642659,0.221959173,-0.326093642,2492112.645,492.66,HG,0.058040827
Yintjingga,-14.01,143.5,0.31,-0.508638306,1788.828239,0.275671058,-0.327370432,3199906.469,759.95,HG,0.004328942
Yir-yoront,-15,142.17,0.08,-1.096910013,1648.590275,0.201889196,-0.344978064,2717849.895,407.59,HG,0.078110804
Tiwi,-11.59,130.87,0.375,-0.425968732,2016.112494,0.218872599,-0.203900271,4064709.588,479.05,HG,0.061127401
Kuku-yalanji,-15.92,145.32,0.5,-0.301029996,2108.202073,0.355976696,-0.325896718,4444515.981,1267.19,HG,0.075976696
Groote-eylandt,-14,136.62,0.229,-0.640164518,1698.782599,0.163679238,-0.335663312,2885862.319,267.91,HG,0.116320762
Walmbaria,-14.34,144.22,0.58,-0.236572006,1680.511332,0.269418403,-0.323569435,2824118.337,725.86,HG,0.010581597
Worora,-15.32,124.72,0.11,-0.958607315,1733.729091,0.236772934,-0.059990702,3005816.561,560.61,HG,0.043227066
Lungga,-16.91,127.83,0.045,-1.346787486,1160.958911,0.202524642,-0.189379646,1347825.593,410.16,HG,0.077475358
Mamu,-17.64,145.84,0.45,-0.346787486,2438.989741,0.321599329,-0.333424076,5948670.957,1034.26,HG,0.041599329
Kariera,-20.88,118.27,0.095,-1.022276395,553.2410073,0.177803693,-0.038544004,306075.6122,316.14,HG,0.102196307
Warunggu,-18.41,145.61,0.1628,-0.788345599,1596.461864,0.308103486,-0.344202613,2548690.483,949.28,HG,0.028103486
Djaru,-19.16,130,0.0398,-1.400116928,779.3048252,0.153283751,-0.2989028,607316.0106,234.96,HG,0.126716249
Walbiri,-20,130.57,0.0116,-1.935542011,725.5817881,0.143592409,-0.332632607,526468.9312,206.19,HG,0.136407591
Ngatjan,-17.36,145.56,0.598,-0.223298816,2256.548473,0.321868924,-0.33537439,5092011.011,1036,HG,0.041868924
Mardudjara,-22.79,125.06,0.0075,-2.124938737,397.3860935,0.114560559,-0.236962991,157915.7073,131.24,HG,0.165439441
Ildawongga,-22.93,127.18,0.0045,-2.346787486,423.1794638,0.112654358,-0.298812644,179080.8586,126.91,HG,0.167345642
Pintubi,-22.86,129.44,0.015,-1.823908741,505.6696692,0.126801476,-0.359354538,255701.8143,160.79,HG,0.153198524
Jinibarra,-27.25,152.87,0.16,-0.795880017,1721.054016,0.349989702,-0.359082179,2962026.926,1224.93,HG,0.069989702
Karuwali,-24.41,141.64,0.02,-1.698970004,463.9182074,0.152476039,-0.435617897,215220.1032,232.49,HG,0.127523961
Alyawara,-22.27,135.17,0.0121,-1.91721463,540.2092418,0.146856557,-0.450357673,291826.0249,215.67,HG,0.133143443
Ngatatjara,-25.32,127.27,0.004,-2.397940009,381.786307,0.122113986,-0.332385302,145760.7842,149.12,HG,0.157886014
Badjalang,-29.59,152.78,0.134,-0.872895202,1603.897691,0.329958521,-0.393243533,2572487.803,1088.73,HG,0.049958521
Pitjandjara,-26,130,0.006,-2.22184875,575.8806867,0.14513141,-0.411276638,331638.5653,210.63,HG,0.13486859
Dieri,-28.54,139.09,0.0193,-1.714442691,298.7887361,0.138276998,-0.469308097,89274.70882,191.21,HG,0.141723002
Arenda (southern),-26.09,135.52,0.011,-1.958607315,259.0398227,0.138146277,-0.483671048,67101.62974,190.84,HG,0.141853723
Jankundjara,-27,131.95,0.01,-2,423.1794638,0.131715912,-0.449828808,179080.8586,173.49,HG,0.148284088
Arenda (northern),-23.7,133.76,0.0266,-1.575118363,523.8218854,0.176107161,-0.481642389,274389.3676,310.14,HG,0.103892839
Ualaria,-29.3,147.25,0.09,-1.045757491,752.6038292,0.1911424,-0.425031711,566412.5237,365.35,HG,0.0888576
Nakako,-27.31,128.19,0.0087,-2.060480747,376.5656273,0.11457835,-0.373541767,141801.6717,131.28,HG,0.16542165
Ooldea,-30.38,131.81,0.0047,-2.327902142,345.0222117,0.109734427,-0.436115141,119040.3266,120.42,HG,0.170265573
Barkindji,-32.4,142.25,0.1543,-0.811634074,462.2336899,0.179047127,-0.464970437,213659.9841,320.58,HG,0.100952873
Karuna,-34.56,138.4,0.18,-0.744727495,689.046318,0.245220456,-0.46674063,474784.8283,601.33,HG,0.034779544
Wongaibon,-32.14,146.09,0.0512,-1.290730039,737.6314654,0.197489977,-0.451789249,544100.1787,390.02,HG,0.082510023
Jaralde,-35.06,139.29,0.4,-0.397940009,620.5335338,0.230888451,-0.468474245,385061.8666,533.09,HG,0.049111549
Mineng,-34.95,117.81,0.07,-1.15490196,1275.673932,0.224500472,-0.252335812,1627343.981,504,HG,0.055499528
Tjapwurong,-35.86,141.38,0.35,-0.455931956,689.046318,0.217837799,-0.472462507,474784.8283,474.53,HG,0.062162201
Kurnai,-37.59,147.42,0.177,-0.752026734,1266.489941,0.264162299,-0.483110596,1603996.771,697.82,HG,0.015837701
Tasmanians (western),-41.38,145.21,0.1335,-0.874518734,1397.485058,0.190358424,-0.494914132,1952964.487,362.36,HG,0.089641576
Seri,29.59,-112.18,0.2548,-0.593800576,282.5979678,0.17982893,-0.427364004,79861.6114,323.38,HG,0.10017107
Cahuilla,33.59,-116.24,0.4375,-0.359021943,262.677402,0.191043103,-0.61249343,68999.41752,364.97,HG,0.088956897
Cupeno,33.26,-116.59,0.488,-0.311580178,902.5626528,0.217083213,-0.599240244,814619.3422,471.25,HG,0.062916787
Kiliwa,31.44,-115.25,0.1225,-0.911863911,242.6108037,0.174001369,-0.522716516,58860.00207,302.76,HG,0.105998631
Diegueno,32.44,-116.49,0.181,-0.742321425,672.1053191,0.207970284,-0.567328947,451725.56,432.52,HG,0.072029716
Lake Yokuts,36,-119.83,0.381,-0.419075024,316.6653628,0.219833805,-0.682127272,100276.952,483.27,HG,0.060166195
Wukchumi,36.45,-118.96,0.2421,-0.616005211,969.7066527,0.247982271,-0.702817975,940330.9923,614.95,HG,0.032017729
Nomlaki,40,-122.56,0.6944,-0.158390288,1121.464867,0.250605987,-0.802374446,1257683.448,628.03,HG,0.029394013
Patwin,39.08,-122.05,0.82,-0.086186148,761.5396436,0.24810797,-0.776405452,579942.6288,615.58,HG,0.03189203
Monache,36.6,-117.08,0.287,-0.542118103,162.7471189,0.167183975,-0.721036086,26486.62471,279.5,HG,0.112816025
Chimariko,40.85,-123.3,0.5,-0.301029996,1230.700635,0.273225986,-0.834797659,1514624.053,746.52,HG,0.006774014
Miwok (Coast),38.24,-122.88,0.5357,-0.271078354,1451.528541,0.288343988,-0.750114086,2106935.105,831.42,HG,0.008343988
Mattole,40.17,-124.04,1.164,0.06595298,1468.729531,0.265913656,-0.812731367,2157166.435,707.1,HG,0.014086344
Miwok,38,-119.77,0.2454,-0.610125442,1222.072625,0.253979926,-0.749238435,1493461.501,645.06,HG,0.026020074
Yuki (Coast),39.64,-123.74,0.6696,-0.174184555,1540.115432,0.282306601,-0.790653929,2371955.544,796.97,HG,0.002306601
Klamath,42.62,-121.5,0.1336,-0.874193542,805.6885905,0.24546274,-0.869820345,649134.1049,602.52,HG,0.03453726
Guaicura,25,-111.54,0.06,-1.22184875,235.2774436,0.150222441,-0.274040854,55355.47547,225.67,HG,0.129777559
Chichimec,22,-100,0.09,-1.045757491,864.6207007,0.299877067,-0.018746568,747568.9561,899.26,HG,0.019877067
Death Valley,36.52,-116.81,0.0129,-1.88941029,211.3090598,0.164160712,-0.72379418,44651.51875,269.49,HG,0.115839288
Karankawa,28.44,-96.91,0.21,-0.677780705,1411.960417,0.286952188,-0.2523755,1993632.219,823.42,HG,0.006952188
Coahuilenos,26,-102.07,0.0168,-1.774690718,457.173421,0.205038002,-0.185583392,209007.5369,420.41,HG,0.074961998
Panamint Shoshoni,36.37,-117.33,0.0212,-1.673664139,320.2264661,0.17829453,-0.713886044,102544.9896,317.89,HG,0.10170547
Yavapai,33.37,-110.5,0.0148,-1.829738285,699.7627066,0.251344286,-0.595698018,489667.8455,631.74,HG,0.028655714
Koso Mountain Shoshoni,36.12,-117.7,0.0857,-1.067019178,430.0144183,0.194976853,-0.698304643,184912.3999,380.16,HG,0.085023147
Walapai,35.95,-114.5,0.0386,-1.413412695,273.5612003,0.188258976,-0.722568753,74835.73031,354.41,HG,0.091741024
Kawaiisu Shoshoni,35.37,-118,0.119,-0.924453039,286.2042825,0.186344404,-0.673277071,81912.89132,347.24,HG,0.093655596
Saline Valley Shoshoni,36.65,-117.79,0.0232,-1.634512015,416.3263315,0.194444598,-0.715928888,173327.6143,378.09,HG,0.085555402
Anotarianunt Southern Paiute,37.86,-110.72,0.0345,-1.462180905,520.5313364,0.205622809,-0.79441764,270952.8722,422.81,HG,0.074377191
Owens Valley Paiute,36.88,-118.18,0.3804,-0.419759492,414.6102025,0.223552901,-0.724020379,171901.62,499.76,HG,0.056447099
Kawich Mountain Shoshoni,37.92,-116.45,0.0199,-1.701146924,474.0018573,0.168457083,-0.769793846,224677.7607,283.78,HG,0.111542917
Kaibab Southern Paiute,36.9,-112.55,0.0371,-1.43062609,538.5753984,0.20415451,-0.773675555,290063.4598,416.79,HG,0.07584549
Mono Lake Paiute,38.11,-118.85,0.059,-1.229147988,512.2858205,0.215051735,-0.75857692,262436.7619,462.47,HG,0.064948265
Deep Spring Paiute,37.28,-118,0.0354,-1.450996738,284.4017238,0.191474329,-0.73747545,80884.3405,366.62,HG,0.088525671
Salmon-eater Shoshoni,42.94,-115.3,0.069,-1.161150909,468.965054,0.206948815,-0.891664643,219928.2219,428.28,HG,0.073051185
Ute-timanogas,40.22,-111.81,0.0347,-1.459670525,719.532904,0.244404501,-0.844838334,517727.5999,597.34,HG,0.035595499
Cattail Paiute,40.12,-118.37,0.22,-0.657577319,295.1991446,0.181375728,-0.820389935,87142.53497,328.97,HG,0.098624272
Fish Lake Paiute,37.69,-118.14,0.0389,-1.410050399,264.4943809,0.196665795,-0.752756693,69957.27753,386.77,HG,0.083334205
Honey Lake Paiute,40.27,-120.44,0.106,-0.974694135,739.1331794,0.229723308,-0.817494244,546317.8569,527.73,HG,0.050276692
Hukunduka Shoshoni,41.55,-112.22,0.0296,-1.528708289,713.4679326,0.226812266,-0.869971627,509036.4908,514.44,HG,0.053187734
Gosiute Shoshoni,39.88,-114,0.0167,-1.777283529,689.046318,0.195516644,-0.835005907,474784.8283,382.27,HG,0.084483356
Spring Valley Shoshoni,39.19,-114.48,0.0609,-1.215382707,445.326853,0.199331543,-0.818227501,198316.006,397.33,HG,0.080668457
White Knife Shoshoni,41,-117.31,0.1171,-0.931443105,383.5242239,0.188031528,-0.846525832,147090.8303,353.56,HG,0.091968472
Rainroad Valley Shoshoni,38.33,-115.78,0.0428,-1.368556231,424.8899047,0.17778278,-0.784527026,180531.4311,316.07,HG,0.10221722
Reese River Shoshoni,39.25,-117.32,0.167,-0.777283529,492.3845324,0.18943808,-0.802951127,242442.5277,358.87,HG,0.09056192
Grouse Creek Shoshoni,41.59,-113.94,0.0164,-1.785156152,487.3843839,0.208511586,-0.868782475,237543.5377,434.77,HG,0.071488414
Utewimonantci,37.67,-109,0.026,-1.585026652,662.8124877,0.228705431,-0.778583171,439320.3939,523.06,HG,0.051294569
Bear Creek Paiute,43.94,-120.49,0.011,-1.958607315,574.2705369,0.215524865,-0.89738539,329786.6496,464.51,HG,0.064475135
Antelope Valley Shoshoni,40.19,-114.24,0.0113,-1.946921557,507.3253548,0.197512577,-0.841148328,257379.0156,390.11,HG,0.082487423
Surprise Valley Paiute,41.5,-120.06,0.1359,-0.866780543,590.324024,0.218583498,-0.849686621,348482.4533,477.79,HG,0.061416502
Wind River Shoshoni,43.19,-108.86,0.0187,-1.728158393,440.2328722,0.228729334,-0.895374269,193804.9818,523.17,HG,0.051270666
Ruby Valley Shoshoni,40.36,-115.39,0.1379,-0.860435734,721.0466315,0.205970142,-0.841014387,519908.2448,424.24,HG,0.074029858
Uintah-ute,40.47,-110.22,0.0748,-1.126098402,500.6960111,0.237939201,-0.846154933,250696.4955,566.15,HG,0.042060799
Harney Valley Paiute,43.25,-119.14,0.0124,-1.906578315,465.6016067,0.205703295,-0.895597315,216784.8562,423.14,HG,0.074296705
Sheep-eater Shoshoni,45.17,-113.84,0.0624,-1.20481541,564.5871543,0.247345128,-0.924796054,318758.6548,611.8,HG,0.032654872
Little Smokey Shoshoni,39.33,-115.84,0.01822,-1.739451627,484.0454138,0.191416437,-0.81039262,234299.9626,366.4,HG,0.088583563
Uncompahgre Ute,38.14,-107.8,0.0429,-1.367542708,860.7539755,0.252729549,-0.778561471,740897.4063,638.72,HG,0.027270451
Lipan Apache,28.96,-98.48,0.0051,-2.292429824,1093.821812,0.243899219,-0.288318621,1196446.156,594.87,HG,0.036100781
Chiricahua Apache,32.52,-101.76,0.0116,-1.935542011,804.2310839,0.206213823,-0.499358939,646787.6363,425.24,HG,0.073786177
Kiowa,36.9,-99.1,0.014,-1.853871964,1030.782435,0.196991538,-0.657814988,1062512.428,388.06,HG,0.083008462
Kiowa Apache,35.83,-98.9,0.0414,-1.382999659,1128.934062,0.202044665,-0.608159214,1274492.116,408.22,HG,0.077955335
Arapahoe,40.13,-102.72,0.075,-1.124938737,719.532904,0.180393165,-0.80195283,517727.5999,325.42,HG,0.099606835
Plains Ojibwa,47.6,-97.25,0.0279,-1.554395797,854.6723556,0.176155906,-0.930592527,730464.8354,310.31,HG,0.103844094
Assiniboine,49.49,-102.43,0.0321,-1.493494968,718.018171,0.168555331,-0.961794512,515550.0939,284.11,HG,0.111444669
Plains Cree,51.86,-102.67,0.0273,-1.563837353,659.1079622,0.175930157,-0.974947019,434423.3058,309.51,HG,0.104069843
Blood,52.79,-90.64,0.0051,-2.292429824,529.1262721,0.134885084,-0.965304984,279974.6118,181.94,HG,0.145114916
Sarsi,53.15,-111.04,0.0175,-1.756961951,736.1287538,0.162334885,-0.977498938,541885.5422,263.53,HG,0.117665115
Yakima,46.33,-120.27,0.27,-0.568636236,383.5242239,0.21358822,-0.918623329,147090.8303,456.2,HG,0.06641178
Sanpoil,47.94,-118.44,0.112,-0.950781977,644.1153873,0.218875599,-0.938671203,414884.6322,479.07,HG,0.061124401
Kalispel,47.94,-115.67,0.015,-1.823908741,1070.524148,0.244404193,-0.946753542,1146021.951,597.33,HG,0.035595807
Ojibwa (Kitchibaun),45.21,-85.1,0.05,-1.301029996,1120.170623,0.232585149,-0.846463624,1254782.225,540.96,HG,0.047414851
Kitikitegon,45,-91,0.0309,-1.510041521,1021.881907,0.207076924,-0.850251205,1044242.632,428.81,HG,0.072923076
Rainy River Ojibwa,45.21,-85.1,0.0121,-1.91721463,1120.170623,0.232585149,-0.846463624,1254782.225,540.96,HG,0.047414851
Northern Saulteaux,52.28,-96.78,0.012,-1.920818754,629.0178117,0.174457666,-0.9684539,395663.4074,304.35,HG,0.105542334
Pekangekum Ojibwa,51.84,-93.85,0.0308,-1.511449283,617.2678618,0.155515092,-0.962387734,381019.6132,241.85,HG,0.124484908
Round Lake Ojibwa,52.71,-90.62,0.0175,-1.756961951,529.1262721,0.134885084,-0.965304984,279974.6118,181.94,HG,0.145114916
Mistassini Cree,51.75,-72.66,0.0058,-2.236572006,446.6447582,0.120757432,-0.946179803,199491.54,145.82,HG,0.159242568
Ojibwa (Northern Albany),51.22,-83.1,0.0143,-1.844663963,605.6813298,0.130576208,-0.951424866,366849.8733,170.5,HG,0.149423792
Waswanip Cree,49.78,-76.64,0.0041,-2.387216143,629.0178117,0.154494851,-0.935303544,395663.4074,238.69,HG,0.125505149
Montagnais,52.42,-63.33,0.0041,-2.387216143,455.7680801,0.118402843,-0.904472403,207724.5428,140.19,HG,0.161597157
Sekani,56.14,-120,0.0082,-2.086186148,715.8383336,0.159891322,-0.971352322,512424.5199,255.65,HG,0.120108678
Beaver,58.51,-115.76,0.0051,-2.292429824,577.4286087,0.153770238,-0.976023975,333423.7981,236.45,HG,0.126229762
Slave,61.15,-119.5,0.0055,-2.259637311,460.3868231,0.137500383,-0.967503512,211956.0269,189.06,HG,0.142499617
Kaska,59.73,-125,0.0066,-2.180456064,493.7968499,0.145472873,-0.964438192,243835.329,211.62,HG,0.134527127
Mountain,63.68,-125.37,0.0078,-2.107905397,297.2370165,0.124504995,-0.951573491,88349.84398,155.01,HG,0.155495005
Hare,67.47,-125,0.0033,-2.48148606,231.5600522,0.082640618,-0.930802159,53620.05777,68.29,HG,0.197359382
Attawapiskat Cree,53.62,-83.88,0.0143,-1.844663963,484.0571194,0.108949582,-0.968721859,234311.2948,118.7,HG,0.171050418
Koyukon,66.52,-153.78,0.0109,-1.962573502,278.6567858,0.102973215,-0.893651933,77649.60427,106.03,HG,0.177026785
Chippewyan,59.47,-106.19,0.0046,-2.337242168,382.9495242,0.127518481,-0.982145431,146650.3381,162.61,HG,0.152481519
Ingalik,61.82,-157.75,0.0271,-1.567030709,474.4731272,0.116878552,-0.928493535,225124.7484,136.61,HG,0.163121448
Satudene,65.75,-122.89,0.0055,-2.259637311,278.6567858,0.098035166,-0.944795684,77649.60427,96.11,HG,0.181964834
Nabesna,63.44,-143.12,0.00667,-2.175874166,403.2706728,0.114973404,-0.935714785,162627.2355,132.19,HG,0.165026596
Rupert House Cree,51.08,-77.81,0.009,-2.045757491,550.1909329,0.138435305,-0.949854567,302710.0626,191.64,HG,0.141564695
Dogrib,63.85,-115.61,0.0088,-2.055517328,310.2291681,0.094660935,-0.962903497,96242.13674,89.61,HG,0.185339065
Naskapi,56.19,-68.92,0.0042,-2.37675071,378.9917215,0.086304902,-0.955531548,143634.725,74.49,HG,0.193695098
Kobuk Inuit,66.95,-156.94,0.0267,-1.573488739,294.0655189,0.088296041,-0.881986362,86474.52941,77.96,HG,0.191703959
Labrador Inuit,57.97,-62.02,0.0278,-1.555955204,375.0689606,0.076864782,-0.935897218,140676.7252,59.08,HG,0.203135218
Caribou Inuit,64.33,-96.2,0.003,-2.522878745,165.8834675,0.048520337,-0.971893803,27517.32479,23.54,HG,0.231479663
Noatak Inuit,68.09,-160,0.022,-1.657577319,236.6972486,0.063027013,-0.858268589,56025.58749,39.72,HG,0.216972987
Nunamiut Inuit,68.18,-151.71,0.0096,-2.017728767,165.8834675,0.073598472,-0.878218965,27517.32479,54.17,HG,0.206401528
Copper Inuit,68.58,-106.61,0.0043,-2.366531544,141.628487,0.049675091,-0.947429508,20058.62833,24.68,HG,0.230324909
Utkuhikhalingmiut,66.99,-95.18,0.0038,-2.420216403,133.8123034,0.043994998,-0.959833334,17905.73254,19.36,HG,0.236005002
Aivilingmiut Inuit,65.16,-88.12,0.0032,-2.494850022,169.6529077,0.045059049,-0.968727473,28782.10909,20.3,HG,0.234940951
Ingulik Inuit,69.44,-81.51,0.0018,-2.744727495,146.5245493,0.034777847,-0.947526693,21469.44355,12.09,HG,0.245222153
West Greenland,69.31,-50.21,0.0473,-1.325138859,352.2575705,0.043009096,-0.931899904,124085.396,18.5,HG,0.236990904
Netsilik Inuit,71.46,-94.93,0.0025,-2.602059991,107.7059943,0.038545333,-0.931335918,11600.58121,14.86,HG,0.241454667
Angmaksaslik,65.63,-37.64,0.0531,-1.274905479,529.1262721,0.048670606,-0.890821782,279974.6118,23.69,HG,0.231329394
Polar Inuit,77.49,-69.5,0.0041,-2.387216143,167.7582278,0.031370222,-0.908415203,28142.82299,9.84,HG,0.248629778
Orogens,51.91,122.5,0.043,-1.366531544,337.7263021,0.211133477,-0.393218872,114059.0551,445.77,HG,0.068866523
Ket,62,90,0.0164,-1.785156152,403.2706728,0.161573213,-0.67552678,162627.2355,261.06,HG,0.118426787
Gilyak,51.54,140,0.6,-0.22184875,611.4541773,0.202169773,-0.556010984,373876.2109,408.73,HG,0.077830227
Siberian Eskimo,65.96,170.08,0.047,-1.327902142,165.8834675,0.084731669,-0.681886661,27517.32479,71.79,HG,0.195268331
Tehuelche,-46,-68.7,0.0189,-1.723538196,291.6047829,0.106862721,-0.715314818,85033.34941,114.2,HG,0.173137279
Mulluk,-13.58,130.58,0.45,-0.346787486,1733.729091,0.240348904,-0.214927175,3005816.561,577.68,HG,0.039651096
Tasmanians (eastern),-42.62,147.49,0.0817,-1.087777943,1032.089562,0.210394995,-0.505806989,1065208.864,442.66,HG,0.069605005
Serrano,34.52,-117,0.1758,-0.754981129,448.7172072,0.177825862,-0.649101624,201347.132,316.22,HG,0.102174138
Luiseno,33.42,-117.3,0.679,-0.168130226,580.704726,0.225705377,-0.605167333,337217.9788,509.43,HG,0.054294623
Tubatulabal,36.01,-118.32,0.172,-0.764471553,965.6582775,0.214201048,-0.694869487,932495.9089,458.82,HG,0.065798952
Northern Foothill Yokuts,37.44,-120.44,0.3829,-0.416914634,653.4825598,0.208490135,-0.730760075,427039.456,434.68,HG,0.071509865
Eastern Pomo,39.03,-122.94,1.27,0.103803721,1349.608902,0.258180075,-0.773260499,1821444.188,666.57,HG,0.021819925
Clear-Lake Pomo,39.12,-122.94,3.087,0.489536629,1349.608902,0.258180075,-0.773260499,1821444.188,666.57,HG,0.021819925
Wintu,40.9,-122.35,0.5882,-0.23047498,1708.344468,0.263649994,-0.833655553,2918440.821,695.11,HG,0.016350006
Nisenan,39.03,-121.15,0.3975,-0.400662867,1543.290262,0.23505975,-0.780139708,2381744.833,552.53,HG,0.04494025
Salinan,35.47,-120.84,0.374,-0.427128398,601.498209,0.2725265,-0.666245314,361800.0954,742.71,HG,0.0074735
Pomo (Southern),38.54,-122.88,1.108,0.04453976,1583.353741,0.259086756,-0.759113501,2507009.069,671.26,HG,0.020913244
Sinkyone,40.1,-123.96,0.9644,-0.015742798,1540.115432,0.262696165,-0.80734943,2371955.544,690.09,HG,0.017303835
Lessik,40.18,-123.16,0.972,-0.012333735,1282.836617,0.256951073,-0.813202855,1645669.786,660.24,HG,0.023048927
Miwok (Lake),38.79,-122.48,0.65,-0.187086643,1281.389202,0.253268664,-0.765036036,1641958.287,641.45,HG,0.026731336
Yuki (Proper),39.7,-123.15,1.316,0.119255889,1531.195501,0.257915668,-0.796254714,2344559.662,665.2,HG,0.022084332
Wappo,38.59,-122.54,1.206,0.081347308,1511.01856,0.254987565,-0.759771857,2283177.089,650.19,HG,0.025012435
Pomo (Northern),39.34,-123.29,1.084,0.035029282,1584.659934,0.259428044,-0.784709536,2511147.106,673.03,HG,0.020571956
Yana,40.38,-122.89,0.313,-0.504455662,1450.892556,0.261100169,-0.818681079,2105089.209,681.73,HG,0.018899831
Tekelma,42.44,-123.48,0.1285,-0.891096872,1398.193125,0.248727705,-0.866115786,1954944.015,618.65,HG,0.031272295
Tolowa,41.87,-123.92,0.5714,-0.243059764,1397.485058,0.262410904,-0.859382355,1952964.487,688.59,HG,0.017589096
Shasta,41.62,-122.7,0.1709,-0.767257937,977.7792501,0.291579479,-0.851189528,956052.2619,850.19,HG,0.011579479
Hupa,40.93,-123.61,0.8,-0.096910013,1522.273363,0.276862759,-0.835196045,2317316.192,766.53,HG,0.003137241
Tututni,42.61,-124.04,0.6707,-0.173471694,1406.37188,0.237511438,-0.866751691,1977881.865,564.12,HG,0.042488562
Karok,41.58,-123.47,0.469,-0.328827157,1265.391631,0.265310523,-0.853256299,1601215.98,703.9,HG,0.014689477
Atsugewi,40.75,-121.12,0.1793,-0.74641971,1070.524148,0.239143506,-0.829856708,1146021.951,571.9,HG,0.040856494
Wiyot,40.75,-124.14,1.0793,0.033142177,1540.115432,0.276302938,-0.829279823,2371955.544,763.43,HG,0.003697062
Maidu (Mountain),40.28,-120.56,0.235,-0.628932138,949.3838916,0.229938144,-0.816984059,901329.7736,528.72,HG,0.050061856
Yurok,41.4,-123.89,1.31,0.117271296,1468.729531,0.273603125,-0.851268641,2157166.435,748.59,HG,0.006396875
Achumawi,41.32,-121.19,0.1725,-0.763210901,846.1083221,0.250170839,-0.842702477,715899.2927,625.85,HG,0.029829161
Modoc,42,-121.31,0.0562,-1.250263684,622.1129751,0.24830557,-0.857880227,387024.5538,616.56,HG,0.03169443
Pyramid Lake Paiute,40.01,-119.6,0.1853,-0.732124581,406.012444,0.205976265,-0.815652315,164846.1047,424.26,HG,0.074023735
North River Paiute,37,-119.07,0.1604,-0.794795636,1182.808298,0.248931934,-0.719313355,1399035.47,619.67,HG,0.031068066
Washo,39.08,-119.82,0.149,-0.826813732,497.3747306,0.227242877,-0.785524606,247381.6226,516.39,HG,0.052757123
Bohogue-Northern Shoshoni,43,-112,0.0104,-1.982966661,678.2800038,0.214058564,-0.892715751,460063.7636,458.21,HG,0.065941436
Comanche,36.83,-100.5,0.0233,-1.632644079,891.3914211,0.189607432,-0.666147454,794578.6656,359.51,HG,0.090392568
Cheyenne,38.83,-102.35,0.0482,-1.316952962,689.046318,0.18321,-0.75729704,474784.8283,335.66,HG,0.09679
Crow,45.83,-108.48,0.0581,-1.235823868,665.9142127,0.204638175,-0.931062794,443441.7387,418.77,HG,0.075361825
Teton Lakota,44.5,-102.27,0.0877,-1.057000407,698.2348418,0.172560194,-0.902388367,487531.8943,297.77,HG,0.107439806
Kutenai,47.48,-114.08,0.0201,-1.696803943,749.6173044,0.253816106,-0.945653099,561926.1031,644.23,HG,0.026183894
Bannok,43.66,-112.32,0.0231,-1.63638802,474.0018573,0.213877855,-0.903099049,224677.7607,457.44,HG,0.066122145
Gros-Ventre,48.12,-105.6,0.0337,-1.472370099,580.704726,0.168392905,-0.954580401,337217.9788,283.56,HG,0.111607095
Peigan,49.34,-111.21,0.0254,-1.595166283,599.905075,0.171559955,-0.962893764,359886.099,294.33,HG,0.108440045
Blackfoot,51.01,-110.76,0.0346,-1.460923901,585.5191654,0.150555544,-0.971504257,342832.6931,226.67,HG,0.129444456
Squamish,49.77,-123.19,0.565,-0.247951552,990.0564197,0.271689661,-0.934026673,980211.7142,738.15,HG,0.008310339
Alsea,44.42,-123.84,0.968,-0.014124643,1415.265305,0.253248417,-0.886801511,2002975.884,641.35,HG,0.026751583
Puyallup,47.11,-122.04,0.3675,-0.434742657,1344.337429,0.262505077,-0.914052084,1807243.123,689.09,HG,0.017494923
Twana,47.55,-123.16,0.2684,-0.571217489,1213.463617,0.274122836,-0.911659377,1472493.95,751.43,HG,0.005877164
Chehalis,46.87,-123.67,0.2197,-0.658169943,1388.60546,0.25203828,-0.905204902,1928225.124,635.23,HG,0.02796172
Chinook,46.06,-123.75,0.338,-0.4710833,1388.60546,0.262254743,-0.900406158,1928225.124,687.78,HG,0.017745257
Coos,43.43,-124.11,1.042,0.017867719,1486.575358,0.25880546,-0.876051718,2209906.295,669.8,HG,0.02119454
Stalo,49.23,-122.7,0.66,-0.180456064,1353.171664,0.290339205,-0.930829799,1831073.552,842.97,HG,0.010339205
Cowichan,48.41,-123.64,0.3475,-0.459045191,1291.58198,0.242381971,-0.919346755,1668184.011,587.49,HG,0.037618029
Tillamook,45.4,-123.82,0.4132,-0.383839687,1335.514097,0.24613897,-0.895853193,1783597.903,605.84,HG,0.03386103
Eyak,60.48,-144,0.0586,-1.232102384,782.6977078,0.114677647,-0.946546752,612615.7018,131.51,HG,0.165322353
Kuskowagmut,61.01,-161.55,0.173,-0.761953897,544.8645412,0.095878869,-0.9163169,296877.3683,91.93,HG,0.184121131
Nunavak,60.03,-166.3,0.1922,-0.716246617,566.4121203,0.043772719,-0.894260925,320822.69,19.16,HG,0.236227281
Tenino,45.59,-120.45,0.19,-0.721246399,458.8612974,0.211221062,-0.913055431,210553.6903,446.14,HG,0.068778938
Umatiela,45.49,-119.94,0.105,-0.978810701,525.4655219,0.207356708,-0.914212772,276114.0147,429.97,HG,0.072643292
Wenatchi,47.41,-120.31,0.5017,-0.299555899,495.7124356,0.25299082,-0.92675348,245730.8188,640.04,HG,0.02700918
Wishram,45.72,-121.13,2.317,0.364926034,884.3792068,0.246816095,-0.91088296,782126.5814,609.18,HG,0.033183905
Coeur d'Alene,47.42,-116.34,0.015,-1.823908741,990.0564197,0.239543219,-0.941404733,980211.7142,573.81,HG,0.040456781
Okanogan,49.46,-119.63,0.1327,-0.877129077,540.2092418,0.264135899,-0.94454302,291826.0249,697.68,HG,0.015864101
Nez-perce,46.25,-116.46,0.0888,-1.051587034,1008.427976,0.2445149,-0.931888592,1016926.983,597.88,HG,0.0354851
Thompson,51.26,-121.75,0.332,-0.478861916,727.0915005,0.222315476,-0.950375887,528662.0501,494.24,HG,0.057684524
Micmac,46.99,-65,0.0232,-1.634512015,974.3337722,0.212487886,-0.850271276,949326.2996,451.51,HG,0.067512114
Flathead,46.28,-113.26,0.015,-1.823908741,746.626811,0.24778265,-0.935958934,557451.5949,613.96,HG,0.03221735
Shuswap,53.41,-119.53,0.124,-0.906578315,544.8645412,0.223033133,-0.965908849,296877.3683,497.44,HG,0.056966867
Nipigon Ojibwa,49.34,-88.31,0.0087,-2.060480747,690.218498,0.174823611,-0.930392472,476401.575,305.63,HG,0.105176389
Weagamon Ojibwa,52.79,-113.86,0.0444,-1.35261703,762.2224755,0.176451853,-0.97343963,580983.1022,311.35,HG,0.103548147
Tahltan,57.66,-127.85,0.0116,-1.935542011,455.7680801,0.150181488,-0.962444908,207724.5428,225.54,HG,0.129818512
Han,64.79,-141.2,0.018,-1.744727495,341.3092874,0.111121896,-0.928613814,116492.0297,123.48,HG,0.168878104
Kutchin,65.94,-135.23,0.017,-1.769551079,337.7263021,0.107624056,-0.926853614,114059.0551,115.83,HG,0.172375944
Tutchone,61.24,-138.21,0.0092,-2.036212173,334.1762024,0.118551259,-0.948017372,111673.7343,140.54,HG,0.161448741
Holikachuk,63.33,-157.54,0.0152,-1.818156412,437.6726459,0.105696422,-0.921255654,191557.345,111.72,HG,0.174303578
Norton Sound Inuit,63.98,-160.75,0.0761,-1.118615343,446.6447582,0.104097123,-0.904863803,199491.54,108.36,HG,0.175902877
Kotzebue Sound Inuit,66.77,-161.53,0.0663,-1.178486472,355.9741067,0.097352134,-0.86882512,126717.5646,94.77,HG,0.182647866
Great Whale Inuit,55.32,-77.69,0.0186,-1.730487056,395.0350514,0.096263699,-0.97249135,156052.6918,92.67,HG,0.183736301
Sivokamiut Inuit,63.49,-170.31,0.15,-0.823908741,433.2429043,0.04105451,-0.856185664,187699.4141,16.85,HG,0.23894549
Point Hope Inuit,68.29,-166.62,0.042,-1.37675071,278.6567858,0.068740175,-0.830965013,77649.60427,47.25,HG,0.211259825
Tareumiut Inuit,71.32,-156.78,0.0386,-1.413412695,177.4344959,0.059749462,-0.82661062,31483.00034,35.7,HG,0.220250538
Paraujano,9.9,-72.41,0.35,-0.455931956,1850.723874,0.533535414,0.109154906,3425178.858,2846.6,HG,0.253535414
Calusa,26.5,-82,0.3873,-0.411952503,1760.350983,0.287559262,-0.140611221,3098835.583,826.9,HG,0.007559262
Gabrielino,34,-118,0.649,-0.187755303,665.9142127,0.227897467,-0.621448548,443441.7387,519.37,HG,0.052102533
Chumash,34.63,-119.6,1.182,0.072617477,1049.003459,0.248862064,-0.63800277,1100408.257,619.32,HG,0.031137936
Nootka,49.34,-125.74,1.539,0.18723862,1070.524148,0.207725456,-0.924548361,1146021.951,431.5,HG,0.072274544
Lillooet,50.46,-123,0.235,-0.628932138,882.8318153,0.246596079,-0.940937152,779392.0141,608.1,HG,0.033403921
Lummi,48.84,-122.34,1.0463,0.019656225,1379.733707,0.274293214,-0.928807507,1903665.102,752.37,HG,0.005706786
Quinault,47.38,-123.82,0.852,-0.069560405,1213.463617,0.272652558,-0.908363542,1472493.95,743.39,HG,0.007347442
Comox,50,-125.5,0.55,-0.259637311,1170.7225,0.211001386,-0.93018923,1370591.172,445.22,HG,0.068998614
Bella-bella,52.87,-127.87,0.2051,-0.68803434,927.9601793,0.197500762,-0.949482897,861110.0944,390.07,HG,0.082499238
Quileute,47.77,-124.14,1.043,0.018284308,1256.693158,0.267208552,-0.91096774,1579277.693,714,HG,0.012791448
Clallam,47.95,-123.55,0.7,-0.15490196,990.0564197,0.27241311,-0.913745491,980211.7142,742.09,HG,0.00758689
Makah,48.22,-124.58,1.23,0.089905111,1300.341814,0.257078561,-0.915165114,1690888.833,660.89,HG,0.022921439
Haisla,53.5,-128.42,0.191,-0.718966633,912.7758266,0.204175008,-0.951198652,833159.7096,416.87,HG,0.075824992
Kwakiutl,50.42,-126.67,0.687,-0.163043263,997.9658236,0.195023129,-0.932044257,995935.7851,380.34,HG,0.084976871
Tsimshim,54,-129.58,0.419,-0.377785977,990.0564197,0.191729204,-0.951615164,980211.7142,367.6,HG,0.088270796
Haida,53.54,-132.29,0.9709,-0.012825499,1145.339897,0.145545797,-0.945220835,1311803.48,211.84,HG,0.134454203
Bella-coola,52.32,-126.58,0.13,-0.886056648,735.4770841,0.210877461,-0.948525887,540926.5412,444.69,HG,0.069122539
Tlingit,57,-133.59,0.1142,-0.942333896,997.9658236,0.137764916,-0.953673676,995935.7851,189.79,HG,0.142235084
Gitksan,55.65,-128.06,0.2358,-0.627456199,796.5439686,0.177770565,-0.959616086,634482.2939,316.02,HG,0.102229435
Konaig,57.93,-153.16,0.306,-0.514278574,868.076536,0.123940767,-0.930377941,753556.8724,153.61,HG,0.156059233
Chugash,61.21,-147.61,0.0648,-1.188424994,513.7474728,0.12473965,-0.941778233,263936.4658,155.6,HG,0.15526035
Aleut,55,-162.85,0.5465,-0.262409834,810.5456344,0.14084653,-0.906884834,656984.2254,198.38,HG,0.13915347
Sinkaietk,48.78,-119.56,0.1451,-0.838332588,574.2705369,0.261236973,-0.939766881,329786.6496,682.45,HG,0.018763027
Alcatcho,51.32,-124.02,0.075,-1.124938737,709.3726625,0.209360648,-0.945009503,503209.5743,438.32,HG,0.070639352
Chilcotin,51.68,-124,0.1152,-0.938547521,682.9002667,0.187505642,-0.949104506,466352.7743,351.58,HG,0.092494358
Carrier,53.33,-123.15,0.0759,-1.119758224,817.6043111,0.188497724,-0.959181105,668476.8095,355.31,HG,0.091502276
Tanaina,61.74,-150.45,0.0486,-1.313363731,702.9474189,0.129140732,-0.936475322,494135.0737,166.77,HG,0.150859268
